{"type":"FeatureCollection","name":"arrets_bus_calais","features":[{"type":"Feature","geometry":{"type":"Point","coordinates":[1.83979,50.946139]},"properties":{"stop_id":"zenbus:StopPoint:SP:5169274308001792:LOC","stop_code":"CHANNE","stop_name":"LE CHANNEL","parent_station":"zenbus:StopArea:SA:577440014:LOC","wheelchair_boarding":"0"}},{"type":"Feature","geometry":{"type":"Point","coordinates":[1.842665,50.946456]},"properties":{"stop_id":"zenbus:StopPoint:SP:5155973935136768:LOC","stop_code":"BERTHE","stop_name":"BERTHELOT","parent_station":"zenbus:StopArea:SA:706060001:LOC","wheelchair_boarding":"0"}},{"type":"Feature","geometry":{"type":"Point","coordinates":[1.84771,50.946974]},"properties":{"stop_id":"zenbus:StopPoint:SP:6321928841199616:LOC","stop_code":"11NOVE","stop_name":"11 NOVEMBRE","parent_station":"zenbus:StopArea:SA:534650029:LOC","wheelchair_boarding":"0"}},{"type":"Feature","geometry":{"type":"Point","coordinates":[1.852297,50.94746]},"properties":{"stop_id":"zenbus:StopPoint:SP:5184337966268416:LOC","stop_code":"THEABE","stop_name":"THEATRE","parent_station":"zenbus:StopArea:SA:554190002:LOC","wheelchair_boarding":"0"}},{"type":"Feature","geometry":{"type":"Point","coordinates":[1.8544,50.947532]},"properties":{"stop_id":"zenbus:StopPoint:SP:840640009:LOC","stop_code":"4BOULE","stop_name":"4 BOULEVARDS","parent_station":"","wheelchair_boarding":"0"}},{"type":"Feature","geometry":{"type":"Point","coordinates":[1.858069,50.946531]},"properties":{"stop_id":"zenbus:StopPoint:SP:5184036781686784:LOC","stop_code":"LAFAYE","stop_name":"LAFAYETTE","parent_station":"zenbus:StopArea:SA:552010012:LOC","wheelchair_boarding":"0"}},{"type":"Feature","geometry":{"type":"Point","coordinates":[1.860929,50.945766]},"properties":{"stop_id":"zenbus:StopPoint:SP:5160459491606528:LOC","stop_code":"CREVEE","stop_name":"CREVECOEUR","parent_station":"zenbus:StopArea:SA:577430017:LOC","wheelchair_boarding":"0"}},{"type":"Feature","geometry":{"type":"Point","coordinates":[1.864729,50.945056]},"properties":{"stop_id":"zenbus:StopPoint:SP:5111064414912512:LOC","stop_code":"BRAMPE","stop_name":"BRAMPTON","parent_station":"zenbus:StopArea:SA:729180003:LOC","wheelchair_boarding":"0"}},{"type":"Feature","geometry":{"type":"Point","coordinates":[1.868238,50.945588]},"properties":{"stop_id":"zenbus:StopPoint:SP:5135157956706304:LOC","stop_code":"NATIOE","stop_name":"NATION","parent_station":"zenbus:StopArea:SA:731100005:LOC","wheelchair_boarding":"0"}},{"type":"Feature","geometry":{"type":"Point","coordinates":[1.873956,50.945765]},"properties":{"stop_id":"zenbus:StopPoint:SP:6227895263428608:LOC","stop_code":"BALZAE","stop_name":"BALZAC","parent_station":"zenbus:StopArea:SA:550760013:LOC","wheelchair_boarding":"0"}},{"type":"Feature","geometry":{"type":"Point","coordinates":[1.877451,50.945853]},"properties":{"stop_id":"zenbus:StopPoint:SP:5115934505172992:LOC","stop_code":"LAFONE","stop_name":"LA FONTAINE","parent_station":"zenbus:StopArea:SA:588880015:LOC","wheelchair_boarding":"0"}},{"type":"Feature","geometry":{"type":"Point","coordinates":[1.881649,50.945967]},"properties":{"stop_id":"zenbus:StopPoint:SP:5100554495721472:LOC","stop_code":"JDENIE","stop_name":"JULIEN DENIS","parent_station":"zenbus:StopArea:SA:696760005:LOC","wheelchair_boarding":"0"}},{"type":"Feature","geometry":{"type":"Point","coordinates":[1.886066,50.94608]},"properties":{"stop_id":"zenbus:StopPoint:SP:5998718123769856:LOC","stop_code":"CIMETE","stop_name":"CIMETIERE","parent_station":"zenbus:StopArea:SA:572170015:LOC","wheelchair_boarding":"0"}},{"type":"Feature","geometry":{"type":"Point","coordinates":[1.890967,50.946229]},"properties":{"stop_id":"zenbus:StopPoint:SP:5188880632381440:LOC","stop_code":"RENOIE","stop_name":"RENOIR","parent_station":"zenbus:StopArea:SA:561890019:LOC","wheelchair_boarding":"0"}},{"type":"Feature","geometry":{"type":"Point","coordinates":[1.896105,50.946353]},"properties":{"stop_id":"zenbus:StopPoint:SP:680720007:LOC","stop_code":"COROTE","stop_name":"COROT","parent_station":"zenbus:StopArea:SA:587050020:LOC","wheelchair_boarding":"0"}},{"type":"Feature","geometry":{"type":"Point","coordinates":[1.900536,50.947991]},"properties":{"stop_id":"zenbus:StopPoint:SP:5081148289974272:LOC","stop_code":"MATISE","stop_name":"MATISSE","parent_station":"zenbus:StopArea:SA:553840017:LOC","wheelchair_boarding":"0"}},{"type":"Feature","geometry":{"type":"Point","coordinates":[1.901613,50.949461]},"properties":{"stop_id":"zenbus:StopPoint:SP:5099057095639040:LOC","stop_code":"UTRILE","stop_name":"UTRILLO","parent_station":"zenbus:StopArea:SA:537710023:LOC","wheelchair_boarding":"0"}},{"type":"Feature","geometry":{"type":"Point","coordinates":[1.890807,50.949232]},"properties":{"stop_id":"zenbus:StopPoint:SP:5149104806035456:LOC","stop_code":"GREUZW","stop_name":"GREUZE","parent_station":"zenbus:StopArea:SA:717900002:LOC","wheelchair_boarding":"0"}},{"type":"Feature","geometry":{"type":"Point","coordinates":[1.888286,50.94947]},"properties":{"stop_id":"zenbus:StopPoint:SP:5094723614146560:LOC","stop_code":"POUSSW","stop_name":"POUSSIN","parent_station":"","wheelchair_boarding":"0"}},{"type":"Feature","geometry":{"type":"Point","coordinates":[1.885077,50.949438]},"properties":{"stop_id":"zenbus:StopPoint:SP:5068039007502336:LOC","stop_code":"LDAVIW","stop_name":"LOUIS DAVID","parent_station":"","wheelchair_boarding":"0"}},{"type":"Feature","geometry":{"type":"Point","coordinates":[1.882632,50.950564]},"properties":{"stop_id":"zenbus:StopPoint:SP:5197341717954560:LOC","stop_code":"IUTW","stop_name":"IUT","parent_station":"zenbus:StopArea:SA:568180030:LOC","wheelchair_boarding":"0"}},{"type":"Feature","geometry":{"type":"Point","coordinates":[1.884514,50.952669]},"properties":{"stop_id":"zenbus:StopPoint:SP:5077735468695552:LOC","stop_code":"LEBEUW","stop_name":"LEBEURRE","parent_station":"","wheelchair_boarding":"0"}},{"type":"Feature","geometry":{"type":"Point","coordinates":[1.892164,50.952133]},"properties":{"stop_id":"zenbus:StopPoint:SP:5203914158768128:LOC","stop_code":"CCMIVE","stop_name":"CENTRE CIAL MI-VOIX","parent_station":"zenbus:StopArea:SA:723800002:LOC","wheelchair_boarding":"0"}},{"type":"Feature","geometry":{"type":"Point","coordinates":[1.893063,50.949858]},"properties":{"stop_id":"zenbus:StopPoint:SP:5201759024709632:LOC","stop_code":"GUYNEE","stop_name":"GUYNEMER","parent_station":"zenbus:StopArea:SA:36700042:LOC","wheelchair_boarding":"0"}},{"type":"Feature","geometry":{"type":"Point","coordinates":[1.900235,50.946467]},"properties":{"stop_id":"zenbus:StopPoint:SP:5159986625773568:LOC","stop_code":"EXUPEE","stop_name":"SAINT EXUPERY","parent_station":"zenbus:StopArea:SA:550740021:LOC","wheelchair_boarding":"0"}},{"type":"Feature","geometry":{"type":"Point","coordinates":[1.908266,50.946682]},"properties":{"stop_id":"zenbus:StopPoint:SP:579430010:LOC","stop_code":"CHAMPE","stop_name":"CHAMP DE COURSE","parent_station":"zenbus:StopArea:SA:572140022:LOC","wheelchair_boarding":"0"}},{"type":"Feature","geometry":{"type":"Point","coordinates":[1.913174,50.946805]},"properties":{"stop_id":"zenbus:StopPoint:SP:5196476047163392:LOC","stop_code":"MECCAE","stop_name":"MECCANO","parent_station":"zenbus:StopArea:SA:585280015:LOC","wheelchair_boarding":"0"}},{"type":"Feature","geometry":{"type":"Point","coordinates":[1.917435,50.946903]},"properties":{"stop_id":"zenbus:StopPoint:SP:5137475309666304:LOC","stop_code":"KOHLE","stop_name":"KOHL","parent_station":"zenbus:StopArea:SA:585270027:LOC","wheelchair_boarding":"0"}},{"type":"Feature","geometry":{"type":"Point","coordinates":[1.926902,50.947178]},"properties":{"stop_id":"zenbus:StopPoint:SP:5155009983414272:LOC","stop_code":"RIECHE","stop_name":"RIECHERS","parent_station":"zenbus:StopArea:SA:579390015:LOC","wheelchair_boarding":"0"}},{"type":"Feature","geometry":{"type":"Point","coordinates":[1.931843,50.947292]},"properties":{"stop_id":"zenbus:StopPoint:SP:5205545105489920:LOC","stop_code":"SCHWEE","stop_name":"SCHWEITZER","parent_station":"zenbus:StopArea:SA:579370020:LOC","wheelchair_boarding":"0"}},{"type":"Feature","geometry":{"type":"Point","coordinates":[1.942086,50.947557]},"properties":{"stop_id":"zenbus:StopPoint:SP:5110124957925376:LOC","stop_code":"BOULAE","stop_name":"BOULANGERIE","parent_station":"zenbus:StopArea:SA:723850001:LOC","wheelchair_boarding":"0"}},{"type":"Feature","geometry":{"type":"Point","coordinates":[1.952765,50.947598]},"properties":{"stop_id":"zenbus:StopPoint:SP:583040023:LOC","stop_code":"LAPOSE","stop_name":"LA POSTE","parent_station":"zenbus:StopArea:SA:587060021:LOC","wheelchair_boarding":"0"}},{"type":"Feature","geometry":{"type":"Point","coordinates":[1.955987,50.947317]},"properties":{"stop_id":"zenbus:StopPoint:SP:5119493674106880:LOC","stop_code":"FOYERE","stop_name":"FOYER DE L'AGE D'OR","parent_station":"zenbus:StopArea:SA:572130012:LOC","wheelchair_boarding":"0"}},{"type":"Feature","geometry":{"type":"Point","coordinates":[1.960824,50.946674]},"properties":{"stop_id":"zenbus:StopPoint:SP:5198917836734464:LOC","stop_code":"POLLAE","stop_name":"PONT POLLAERT","parent_station":"zenbus:StopArea:SA:566190017:LOC","wheelchair_boarding":"0"}},{"type":"Feature","geometry":{"type":"Point","coordinates":[1.964546,50.947366]},"properties":{"stop_id":"zenbus:StopPoint:SP:6228135949369344:LOC","stop_code":"RDPOIE","stop_name":"ROND POINT D'OYE","parent_station":"zenbus:StopArea:SA:676280003:LOC","wheelchair_boarding":"0"}},{"type":"Feature","geometry":{"type":"Point","coordinates":[1.824003,50.9445]},"properties":{"stop_id":"zenbus:StopPoint:SP:5182330673037312:LOC","stop_code":"PPARIE","stop_name":"PORTE DE PARIS","parent_station":"zenbus:StopArea:SA:556120001:LOC","wheelchair_boarding":"0"}},{"type":"Feature","geometry":{"type":"Point","coordinates":[1.827913,50.944911]},"properties":{"stop_id":"zenbus:StopPoint:SP:585300009:LOC","stop_code":"MOGADE","stop_name":"MOGADOR","parent_station":"zenbus:StopArea:SA:579380017:LOC","wheelchair_boarding":"0"}},{"type":"Feature","geometry":{"type":"Point","coordinates":[1.833522,50.945498]},"properties":{"stop_id":"zenbus:StopPoint:SP:6256559103410176:LOC","stop_code":"ALGERE","stop_name":"ALGER","parent_station":"zenbus:StopArea:SA:553840016:LOC","wheelchair_boarding":"0"}},{"type":"Feature","geometry":{"type":"Point","coordinates":[1.809787,50.937103]},"properties":{"stop_id":"zenbus:StopPoint:SP:720820006:LOC","stop_code":"CANTOE","stop_name":"PLACE DE CANTORBERY","parent_station":"zenbus:StopArea:SA:554740021:LOC","wheelchair_boarding":"0"}},{"type":"Feature","geometry":{"type":"Point","coordinates":[1.811182,50.93392]},"properties":{"stop_id":"zenbus:StopPoint:SP:5086731663572992:LOC","stop_code":"EUROPE","stop_name":"CITE EUROPE","parent_station":"zenbus:StopArea:SA:2810051:LOC","wheelchair_boarding":"0"}},{"type":"Feature","geometry":{"type":"Point","coordinates":[1.806805,50.929943]},"properties":{"stop_id":"zenbus:StopPoint:SP:5164982209609728:LOC","stop_code":"OUTLEE","stop_name":"OUTLET STORE","parent_station":"","wheelchair_boarding":"0"}},{"type":"Feature","geometry":{"type":"Point","coordinates":[1.807595,50.927144]},"properties":{"stop_id":"zenbus:StopPoint:SP:5150342568214528:LOC","stop_code":"MEDECE","stop_name":"MEDECINE DU TRAVAIL","parent_station":"","wheelchair_boarding":"0"}},{"type":"Feature","geometry":{"type":"Point","coordinates":[1.807323,50.925288]},"properties":{"stop_id":"zenbus:StopPoint:SP:5141955900080128:LOC","stop_code":"SAPINE","stop_name":"SAPINS","parent_station":"zenbus:StopArea:SA:735210005:LOC","wheelchair_boarding":"0"}},{"type":"Feature","geometry":{"type":"Point","coordinates":[1.799343,50.932349]},"properties":{"stop_id":"zenbus:StopPoint:SP:5149987220488192:LOC","stop_code":"TUNNEE","stop_name":"TUNNELIER","parent_station":"zenbus:StopArea:SA:583040017:LOC","wheelchair_boarding":"0"}},{"type":"Feature","geometry":{"type":"Point","coordinates":[1.79983,50.935729]},"properties":{"stop_id":"zenbus:StopPoint:SP:5117585047683072:LOC","stop_code":"CHARLE","stop_name":"CHARLES DE GAULLE","parent_station":"zenbus:StopArea:SA:572160022:LOC","wheelchair_boarding":"0"}},{"type":"Feature","geometry":{"type":"Point","coordinates":[1.802108,50.939378]},"properties":{"stop_id":"zenbus:StopPoint:SP:4841685542502400:LOC","stop_code":"COTTAE","stop_name":"LES COTTAGES","parent_station":"zenbus:StopArea:SA:727400005:LOC","wheelchair_boarding":"0"}},{"type":"Feature","geometry":{"type":"Point","coordinates":[1.808058,50.943424]},"properties":{"stop_id":"zenbus:StopPoint:SP:5094964828569600:LOC","stop_code":"LAFRAW","stop_name":"CENTRE CIAL LA FRANCAISE","parent_station":"zenbus:StopArea:SA:532660030:LOC","wheelchair_boarding":"0"}},{"type":"Feature","geometry":{"type":"Point","coordinates":[1.853745,50.951437]},"properties":{"stop_id":"zenbus:StopPoint:SP:6292438253568000:LOC","stop_code":"ALHAME","stop_name":"ALHAMBRA","parent_station":"zenbus:StopArea:SA:12770056:LOC","wheelchair_boarding":"0"}},{"type":"Feature","geometry":{"type":"Point","coordinates":[1.850997,50.953968]},"properties":{"stop_id":"zenbus:StopPoint:SP:4867309148569600:LOC","stop_code":"GARESE","stop_name":"GARE SNCF","parent_station":"zenbus:StopArea:SA:12780053:LOC","wheelchair_boarding":"0"}},{"type":"Feature","geometry":{"type":"Point","coordinates":[1.849486,50.954109]},"properties":{"stop_id":"zenbus:StopPoint:SP:720820012:LOC","stop_code":"PEMQUF","stop_name":"GARE","parent_station":"zenbus:StopArea:SA:702180002:LOC","wheelchair_boarding":"0"}},{"type":"Feature","geometry":{"type":"Point","coordinates":[1.853845,50.950966]},"properties":{"stop_id":"zenbus:StopPoint:SP:5137917892624384:LOC","stop_code":"ALHAMW","stop_name":"ALHAMBRA","parent_station":"zenbus:StopArea:SA:12770056:LOC","wheelchair_boarding":"0"}},{"type":"Feature","geometry":{"type":"Point","coordinates":[1.853381,50.947578]},"properties":{"stop_id":"zenbus:StopPoint:SP:347240050:LOC","stop_code":"THEAAW","stop_name":"THEATRE","parent_station":"zenbus:StopArea:SA:554190002:LOC","wheelchair_boarding":"0"}},{"type":"Feature","geometry":{"type":"Point","coordinates":[1.852014,50.944159]},"properties":{"stop_id":"zenbus:StopPoint:SP:5084883770671104:LOC","stop_code":"DPAPIW","stop_name":"DENIS PAPIN","parent_station":"","wheelchair_boarding":"0"}},{"type":"Feature","geometry":{"type":"Point","coordinates":[1.850269,50.940647]},"properties":{"stop_id":"zenbus:StopPoint:SP:5124108096372736:LOC","stop_code":"FONTIW","stop_name":"FONTINETTES","parent_station":"zenbus:StopArea:SA:579390016:LOC","wheelchair_boarding":"0"}},{"type":"Feature","geometry":{"type":"Point","coordinates":[1.852931,50.938408]},"properties":{"stop_id":"zenbus:StopPoint:SP:5190765988806656:LOC","stop_code":"CGRISW","stop_name":"CHEVAL GRIS","parent_station":"zenbus:StopArea:SA:577430018:LOC","wheelchair_boarding":"0"}},{"type":"Feature","geometry":{"type":"Point","coordinates":[1.855599,50.937715]},"properties":{"stop_id":"zenbus:StopPoint:SP:4881405400055808:LOC","stop_code":"PLILLW","stop_name":"PORTE DE LILLE","parent_station":"zenbus:StopArea:SA:20860051:LOC","wheelchair_boarding":"0"}},{"type":"Feature","geometry":{"type":"Point","coordinates":[1.862218,50.937698]},"properties":{"stop_id":"zenbus:StopPoint:SP:4902172892332032:LOC","stop_code":"GALERW","stop_name":"GALERIE SAINT PIERRE","parent_station":"zenbus:StopArea:SA:727410003:LOC","wheelchair_boarding":"0"}},{"type":"Feature","geometry":{"type":"Point","coordinates":[1.866035,50.938313]},"properties":{"stop_id":"zenbus:StopPoint:SP:6223264248496128:LOC","stop_code":"CFORMW","stop_name":"CENTRE DE FORMATION","parent_station":"zenbus:StopArea:SA:34900042:LOC","wheelchair_boarding":"0"}},{"type":"Feature","geometry":{"type":"Point","coordinates":[1.86941,50.939872]},"properties":{"stop_id":"zenbus:StopPoint:SP:6216577252851712:LOC","stop_code":"PCURIW","stop_name":"PONT CURIE","parent_station":"zenbus:StopArea:SA:260520001:LOC","wheelchair_boarding":"0"}},{"type":"Feature","geometry":{"type":"Point","coordinates":[1.875606,50.938939]},"properties":{"stop_id":"zenbus:StopPoint:SP:5932277516206080:LOC","stop_code":"LDETRW","stop_name":"LYCEE DU DETROIT","parent_station":"zenbus:StopArea:SA:568180029:LOC","wheelchair_boarding":"0"}},{"type":"Feature","geometry":{"type":"Point","coordinates":[1.890803,50.938441]},"properties":{"stop_id":"zenbus:StopPoint:SP:6225780361134080:LOC","stop_code":"ROSELW","stop_name":"LA ROSELIERE","parent_station":"zenbus:StopArea:SA:563050020:LOC","wheelchair_boarding":"0"}},{"type":"Feature","geometry":{"type":"Point","coordinates":[1.892915,50.940658]},"properties":{"stop_id":"zenbus:StopPoint:SP:703770009:LOC","stop_code":"HOPITW","stop_name":"HOPITAL","parent_station":"zenbus:StopArea:SA:583040018:LOC","wheelchair_boarding":"0"}},{"type":"Feature","geometry":{"type":"Point","coordinates":[1.897301,50.941012]},"properties":{"stop_id":"zenbus:StopPoint:SP:5086531091955712:LOC","stop_code":"CLINIW","stop_name":"CLINIQUES DU VIRVAL","parent_station":"zenbus:StopArea:SA:731170001:LOC","wheelchair_boarding":"0"}},{"type":"Feature","geometry":{"type":"Point","coordinates":[1.898226,50.94441]},"properties":{"stop_id":"zenbus:StopPoint:SP:5094508756729856:LOC","stop_code":"BMARAW","stop_name":"BEAU MARAIS","parent_station":"zenbus:StopArea:SA:577440015:LOC","wheelchair_boarding":"0"}},{"type":"Feature","geometry":{"type":"Point","coordinates":[1.896106,50.946426]},"properties":{"stop_id":"zenbus:StopPoint:SP:711540006:LOC","stop_code":"COROTW","stop_name":"COROT","parent_station":"zenbus:StopArea:SA:587050020:LOC","wheelchair_boarding":"0"}},{"type":"Feature","geometry":{"type":"Point","coordinates":[1.893046,50.950244]},"properties":{"stop_id":"zenbus:StopPoint:SP:5196606053810176:LOC","stop_code":"GUYNEW","stop_name":"GUYNEMER","parent_station":"zenbus:StopArea:SA:36700042:LOC","wheelchair_boarding":"0"}},{"type":"Feature","geometry":{"type":"Point","coordinates":[1.892708,50.952488]},"properties":{"stop_id":"zenbus:StopPoint:SP:5201929212788736:LOC","stop_code":"CCMIVW","stop_name":"CENTRE CIAL MI-VOIX","parent_station":"zenbus:StopArea:SA:723800002:LOC","wheelchair_boarding":"0"}},{"type":"Feature","geometry":{"type":"Point","coordinates":[1.896137,50.952804]},"properties":{"stop_id":"zenbus:StopPoint:SP:5105218830204928:LOC","stop_code":"GAGARW","stop_name":"GAGARINE","parent_station":"zenbus:StopArea:SA:32870044:LOC","wheelchair_boarding":"0"}},{"type":"Feature","geometry":{"type":"Point","coordinates":[1.898666,50.953691]},"properties":{"stop_id":"zenbus:StopPoint:SP:6019846477185024:LOC","stop_code":"MOUCHW","stop_name":"MOUCHOTTE","parent_station":"zenbus:StopArea:SA:26810047:LOC","wheelchair_boarding":"0"}},{"type":"Feature","geometry":{"type":"Point","coordinates":[1.898222,50.956779]},"properties":{"stop_id":"zenbus:StopPoint:SP:5120987869741056:LOC","stop_code":"PISCIW","stop_name":"PISCINE ICEO","parent_station":"zenbus:StopArea:SA:573750023:LOC","wheelchair_boarding":"0"}},{"type":"Feature","geometry":{"type":"Point","coordinates":[1.894162,50.95712]},"properties":{"stop_id":"zenbus:StopPoint:SP:5070501250596864:LOC","stop_code":"FPASSW","stop_name":"FREDERIC PASSY","parent_station":"zenbus:StopArea:SA:703760002:LOC","wheelchair_boarding":"0"}},{"type":"Feature","geometry":{"type":"Point","coordinates":[1.890147,50.956693]},"properties":{"stop_id":"zenbus:StopPoint:SP:5142931579076608:LOC","stop_code":"CALYPW","stop_name":"CALYPSO","parent_station":"zenbus:StopArea:SA:708710002:LOC","wheelchair_boarding":"0"}},{"type":"Feature","geometry":{"type":"Point","coordinates":[1.885895,50.956257]},"properties":{"stop_id":"zenbus:StopPoint:SP:5127350394028032:LOC","stop_code":"MDUGAW","stop_name":"MARTIN DU GARD","parent_station":"zenbus:StopArea:SA:880042:LOC","wheelchair_boarding":"0"}},{"type":"Feature","geometry":{"type":"Point","coordinates":[1.884071,50.956419]},"properties":{"stop_id":"zenbus:StopPoint:SP:6258593911275520:LOC","stop_code":"GRANDW","stop_name":"GRANDE RUE","parent_station":"zenbus:StopArea:SA:704350003:LOC","wheelchair_boarding":"0"}},{"type":"Feature","geometry":{"type":"Point","coordinates":[1.881835,50.960239]},"properties":{"stop_id":"zenbus:StopPoint:SP:5112656086171648:LOC","stop_code":"LANGEW","stop_name":"LANGEVIN","parent_station":"zenbus:StopArea:SA:550740022:LOC","wheelchair_boarding":"0"}},{"type":"Feature","geometry":{"type":"Point","coordinates":[1.878104,50.961581]},"properties":{"stop_id":"zenbus:StopPoint:SP:5161573364531200:LOC","stop_code":"OYATSW","stop_name":"LES OYATS","parent_station":"zenbus:StopArea:SA:588880016:LOC","wheelchair_boarding":"0"}},{"type":"Feature","geometry":{"type":"Point","coordinates":[1.876179,50.959511]},"properties":{"stop_id":"zenbus:StopPoint:SP:6327509597552640:LOC","stop_code":"RUEDUW","stop_name":"RUE DU NORD","parent_station":"zenbus:StopArea:SA:708710005:LOC","wheelchair_boarding":"0"}},{"type":"Feature","geometry":{"type":"Point","coordinates":[1.874024,50.95786]},"properties":{"stop_id":"zenbus:StopPoint:SP:4990768274997248:LOC","stop_code":"GRAVEW","stop_name":"PORTE DE GRAVELINES","parent_station":"zenbus:StopArea:SA:564090017:LOC","wheelchair_boarding":"0"}},{"type":"Feature","geometry":{"type":"Point","coordinates":[1.870727,50.95823]},"properties":{"stop_id":"zenbus:StopPoint:SP:4850821010292736:LOC","stop_code":"MOUROE","stop_name":"CHATEAUBRIAND","parent_station":"","wheelchair_boarding":"0"}},{"type":"Feature","geometry":{"type":"Point","coordinates":[1.8641,50.956147]},"properties":{"stop_id":"zenbus:StopPoint:SP:4887173636554752:LOC","stop_code":"QULOIW","stop_name":"QUAI DE LA LOIRE","parent_station":"zenbus:StopArea:SA:5979755982618624:LOC","wheelchair_boarding":"0"}},{"type":"Feature","geometry":{"type":"Point","coordinates":[1.860647,50.954947]},"properties":{"stop_id":"zenbus:StopPoint:SP:572170022:LOC","stop_code":"DESCAW","stop_name":"DESCARTES","parent_station":"zenbus:StopArea:SA:573760017:LOC","wheelchair_boarding":"0"}},{"type":"Feature","geometry":{"type":"Point","coordinates":[1.856905,50.956027]},"properties":{"stop_id":"zenbus:StopPoint:SP:5180399800025088:LOC","stop_code":"MEUSEW","stop_name":"MEUSE","parent_station":"zenbus:StopArea:SA:34920049:LOC","wheelchair_boarding":"0"}},{"type":"Feature","geometry":{"type":"Point","coordinates":[1.854421,50.954785]},"properties":{"stop_id":"zenbus:StopPoint:SP:4869934247051264:LOC","stop_code":"DANEMW","stop_name":"PLACE DANEMARK","parent_station":"zenbus:StopArea:SA:538300018:LOC","wheelchair_boarding":"0"}},{"type":"Feature","geometry":{"type":"Point","coordinates":[1.85125,50.954801]},"properties":{"stop_id":"zenbus:StopPoint:SP:232580015:LOC","stop_code":"GEORGW","stop_name":"GEORGE V","parent_station":"zenbus:StopArea:SA:550770020:LOC","wheelchair_boarding":"0"}},{"type":"Feature","geometry":{"type":"Point","coordinates":[1.848535,50.954858]},"properties":{"stop_id":"zenbus:StopPoint:SP:5371947976228864:LOC","stop_code":"RANSOW","stop_name":"RANSON","parent_station":"zenbus:StopArea:SA:222380009:LOC","wheelchair_boarding":"0"}},{"type":"Feature","geometry":{"type":"Point","coordinates":[1.859608,50.86638]},"properties":{"stop_id":"zenbus:StopPoint:SP:5184826323763200:LOC","stop_code":"ASSISW","stop_name":"LA BIEN ASSISE","parent_station":"zenbus:StopArea:SA:553840014:LOC","wheelchair_boarding":"0"}},{"type":"Feature","geometry":{"type":"Point","coordinates":[1.864898,50.86601]},"properties":{"stop_id":"zenbus:StopPoint:SP:5145125317509120:LOC","stop_code":"MRETRW","stop_name":"MAISON DE RETRAITE","parent_station":"zenbus:StopArea:SA:565020019:LOC","wheelchair_boarding":"0"}},{"type":"Feature","geometry":{"type":"Point","coordinates":[1.868339,50.865417]},"properties":{"stop_id":"zenbus:StopPoint:SP:5164264497086464:LOC","stop_code":"4VENTW","stop_name":"4 VENTS","parent_station":"zenbus:StopArea:SA:583030022:LOC","wheelchair_boarding":"0"}},{"type":"Feature","geometry":{"type":"Point","coordinates":[1.872667,50.864466]},"properties":{"stop_id":"zenbus:StopPoint:SP:6307049195438080:LOC","stop_code":"5CHEMW","stop_name":"5 CHEMINS","parent_station":"zenbus:StopArea:SA:579350022:LOC","wheelchair_boarding":"0"}},{"type":"Feature","geometry":{"type":"Point","coordinates":[1.87864,50.864481]},"properties":{"stop_id":"zenbus:StopPoint:SP:6223712669925376:LOC","stop_code":"DRAPDW","stop_name":"CAMP DU DRAP D'OR","parent_station":"zenbus:StopArea:SA:579380020:LOC","wheelchair_boarding":"0"}},{"type":"Feature","geometry":{"type":"Point","coordinates":[1.877448,50.865618]},"properties":{"stop_id":"zenbus:StopPoint:SP:4837847922114560:LOC","stop_code":"ANDREW","stop_name":"RUE D'ANDRES","parent_station":"zenbus:StopArea:SA:723800005:LOC","wheelchair_boarding":"0"}},{"type":"Feature","geometry":{"type":"Point","coordinates":[1.874457,50.867886]},"properties":{"stop_id":"zenbus:StopPoint:SP:6308230579879936:LOC","stop_code":"PLPOIW","stop_name":"PLACE DES POILUS","parent_station":"zenbus:StopArea:SA:564110021:LOC","wheelchair_boarding":"0"}},{"type":"Feature","geometry":{"type":"Point","coordinates":[1.872246,50.87089]},"properties":{"stop_id":"zenbus:StopPoint:SP:6250297712181248:LOC","stop_code":"LAITEW","stop_name":"LAITERIE","parent_station":"zenbus:StopArea:SA:565020020:LOC","wheelchair_boarding":"0"}},{"type":"Feature","geometry":{"type":"Point","coordinates":[1.869234,50.870184]},"properties":{"stop_id":"zenbus:StopPoint:SP:5078209827700736:LOC","stop_code":"MGUINW","stop_name":"MAIRIE DE GUINES","parent_station":"zenbus:StopArea:SA:840630005:LOC","wheelchair_boarding":"0"}},{"type":"Feature","geometry":{"type":"Point","coordinates":[1.869804,50.872763]},"properties":{"stop_id":"zenbus:StopPoint:SP:5150640156180480:LOC","stop_code":"BATELW","stop_name":"BATELAGE","parent_station":"zenbus:StopArea:SA:590810027:LOC","wheelchair_boarding":"0"}},{"type":"Feature","geometry":{"type":"Point","coordinates":[1.871261,50.875906]},"properties":{"stop_id":"zenbus:StopPoint:SP:5995834153893888:LOC","stop_code":"PENICW","stop_name":"PENICHE","parent_station":"zenbus:StopArea:SA:583040020:LOC","wheelchair_boarding":"0"}},{"type":"Feature","geometry":{"type":"Point","coordinates":[1.872595,50.881374]},"properties":{"stop_id":"zenbus:StopPoint:SP:4789741872480256:LOC","stop_code":"USINEW","stop_name":"USINE DES EAUX","parent_station":"zenbus:StopArea:SA:550740023:LOC","wheelchair_boarding":"0"}},{"type":"Feature","geometry":{"type":"Point","coordinates":[1.877941,50.887359]},"properties":{"stop_id":"zenbus:StopPoint:SP:5141401496977408:LOC","stop_code":"COUTUW","stop_name":"COUTURE","parent_station":"zenbus:StopArea:SA:568200009:LOC","wheelchair_boarding":"0"}},{"type":"Feature","geometry":{"type":"Point","coordinates":[1.880759,50.891355]},"properties":{"stop_id":"zenbus:StopPoint:SP:5088269798735872:LOC","stop_code":"BANCVW","stop_name":"BANC VALOIS","parent_station":"zenbus:StopArea:SA:577450014:LOC","wheelchair_boarding":"0"}},{"type":"Feature","geometry":{"type":"Point","coordinates":[1.88266,50.896437]},"properties":{"stop_id":"zenbus:StopPoint:SP:6323241624797184:LOC","stop_code":"OEILLW","stop_name":"OEILLETS BLANCS","parent_station":"zenbus:StopArea:SA:588890007:LOC","wheelchair_boarding":"0"}},{"type":"Feature","geometry":{"type":"Point","coordinates":[1.881466,50.905214]},"properties":{"stop_id":"zenbus:StopPoint:SP:5175752058208256:LOC","stop_code":"ECLUSW","stop_name":"ECLUSE CARREE","parent_station":"zenbus:StopArea:SA:581280023:LOC","wheelchair_boarding":"0"}},{"type":"Feature","geometry":{"type":"Point","coordinates":[1.87876,50.908245]},"properties":{"stop_id":"zenbus:StopPoint:SP:4893946570342400:LOC","stop_code":"BARBIW","stop_name":"MEUBLES BARBIER","parent_station":"zenbus:StopArea:SA:540180025:LOC","wheelchair_boarding":"0"}},{"type":"Feature","geometry":{"type":"Point","coordinates":[1.873907,50.912993]},"properties":{"stop_id":"zenbus:StopPoint:SP:5074331103133696:LOC","stop_code":"TOURNW","stop_name":"PLANCHE TOURNOIRE","parent_station":"zenbus:StopArea:SA:575980024:LOC","wheelchair_boarding":"0"}},{"type":"Feature","geometry":{"type":"Point","coordinates":[1.873135,50.917873]},"properties":{"stop_id":"zenbus:StopPoint:SP:5105920856031232:LOC","stop_code":"HERMIW","stop_name":"L'HERMITAGE","parent_station":"zenbus:StopArea:SA:561890021:LOC","wheelchair_boarding":"0"}},{"type":"Feature","geometry":{"type":"Point","coordinates":[1.872791,50.922438]},"properties":{"stop_id":"zenbus:StopPoint:SP:5130172925739008:LOC","stop_code":"2TROUW","stop_name":"PONT DE 2 TROUS","parent_station":"zenbus:StopArea:SA:566900018:LOC","wheelchair_boarding":"0"}},{"type":"Feature","geometry":{"type":"Point","coordinates":[1.867497,50.927044]},"properties":{"stop_id":"zenbus:StopPoint:SP:5090677346009088:LOC","stop_code":"PTCOUW","stop_name":"PONT DE COULOGNE","parent_station":"zenbus:StopArea:SA:20870045:LOC","wheelchair_boarding":"0"}},{"type":"Feature","geometry":{"type":"Point","coordinates":[1.86218,50.92907]},"properties":{"stop_id":"zenbus:StopPoint:SP:678550009:LOC","stop_code":"ARGENW","stop_name":"ARGENTINE","parent_station":"zenbus:StopArea:SA:572160025:LOC","wheelchair_boarding":"0"}},{"type":"Feature","geometry":{"type":"Point","coordinates":[1.858241,50.930798]},"properties":{"stop_id":"zenbus:StopPoint:SP:723800009:LOC","stop_code":"SPORTE","stop_name":"CAFE DES SPORTS","parent_station":"zenbus:StopArea:SA:736940006:LOC","wheelchair_boarding":"0"}},{"type":"Feature","geometry":{"type":"Point","coordinates":[1.856064,50.932898]},"properties":{"stop_id":"zenbus:StopPoint:SP:686660005:LOC","stop_code":"MONTRE","stop_name":"MONTREAL","parent_station":"zenbus:StopArea:SA:573750025:LOC","wheelchair_boarding":"0"}},{"type":"Feature","geometry":{"type":"Point","coordinates":[1.853007,50.938469]},"properties":{"stop_id":"zenbus:StopPoint:SP:5159579895726080:LOC","stop_code":"CGRISE","stop_name":"CHEVAL GRIS","parent_station":"zenbus:StopArea:SA:577430018:LOC","wheelchair_boarding":"0"}},{"type":"Feature","geometry":{"type":"Point","coordinates":[1.85098,50.94042]},"properties":{"stop_id":"zenbus:StopPoint:SP:564150005:LOC","stop_code":"FONTIE","stop_name":"FONTINETTES","parent_station":"zenbus:StopArea:SA:579390016:LOC","wheelchair_boarding":"0"}},{"type":"Feature","geometry":{"type":"Point","coordinates":[1.854685,50.940003]},"properties":{"stop_id":"zenbus:StopPoint:SP:6212631570415616:LOC","stop_code":"EINSTE","stop_name":"EINSTEIN","parent_station":"","wheelchair_boarding":"0"}},{"type":"Feature","geometry":{"type":"Point","coordinates":[1.854548,50.94395]},"properties":{"stop_id":"zenbus:StopPoint:SP:6295174214844416:LOC","stop_code":"BOBINE","stop_name":"BOBINO","parent_station":"","wheelchair_boarding":"0"}},{"type":"Feature","geometry":{"type":"Point","coordinates":[1.85418,50.947983]},"properties":{"stop_id":"zenbus:StopPoint:SP:4893724671737856:LOC","stop_code":"COEURW","stop_name":"COEUR DE VIE","parent_station":"zenbus:StopArea:SA:680150003:LOC","wheelchair_boarding":"0"}},{"type":"Feature","geometry":{"type":"Point","coordinates":[1.849562,50.953918]},"properties":{"stop_id":"zenbus:StopPoint:SP:4868556924649472:LOC","stop_code":"PEMQUE","stop_name":"GARE","parent_station":"zenbus:StopArea:SA:702180002:LOC","wheelchair_boarding":"0"}},{"type":"Feature","geometry":{"type":"Point","coordinates":[1.829359,50.949086]},"properties":{"stop_id":"zenbus:StopPoint:SP:4893862687408128:LOC","stop_code":"AJACIE","stop_name":"AJACCIO","parent_station":"zenbus:StopArea:SA:4906481871749120:LOC","wheelchair_boarding":"0"}},{"type":"Feature","geometry":{"type":"Point","coordinates":[1.838137,50.953273]},"properties":{"stop_id":"zenbus:StopPoint:SP:703780001:LOC","stop_code":"COUBEE","stop_name":"COUBERTIN","parent_station":"zenbus:StopArea:SA:542440018:LOC","wheelchair_boarding":"0"}},{"type":"Feature","geometry":{"type":"Point","coordinates":[1.842943,50.954243]},"properties":{"stop_id":"zenbus:StopPoint:SP:5202759624163328:LOC","stop_code":"SOUVEE","stop_name":"STADE DU SOUVENIR","parent_station":"zenbus:StopArea:SA:232600009:LOC","wheelchair_boarding":"0"}},{"type":"Feature","geometry":{"type":"Point","coordinates":[1.850435,50.95412]},"properties":{"stop_id":"zenbus:StopPoint:SP:698270001:LOC","stop_code":"PEMQUB","stop_name":"GARE","parent_station":"zenbus:StopArea:SA:702180002:LOC","wheelchair_boarding":"0"}},{"type":"Feature","geometry":{"type":"Point","coordinates":[1.853343,50.953097]},"properties":{"stop_id":"zenbus:StopPoint:SP:692390003:LOC","stop_code":"HVILEE","stop_name":"HOTEL DE VILLE","parent_station":"zenbus:StopArea:SA:680200001:LOC","wheelchair_boarding":"0"}},{"type":"Feature","geometry":{"type":"Point","coordinates":[1.858997,50.952268]},"properties":{"stop_id":"zenbus:StopPoint:SP:4869485590740992:LOC","stop_code":"QUAIGE","stop_name":"QUAI DE LA GENDARMERIE","parent_station":"","wheelchair_boarding":"0"}},{"type":"Feature","geometry":{"type":"Point","coordinates":[1.864816,50.94978]},"properties":{"stop_id":"zenbus:StopPoint:SP:5164022234087424:LOC","stop_code":"CONDOE","stop_name":"CONDORCET","parent_station":"zenbus:StopArea:SA:738880001:LOC","wheelchair_boarding":"0"}},{"type":"Feature","geometry":{"type":"Point","coordinates":[1.868057,50.950294]},"properties":{"stop_id":"zenbus:StopPoint:SP:5169020703604736:LOC","stop_code":"DELARE","stop_name":"DELAROCHE","parent_station":"zenbus:StopArea:SA:563020020:LOC","wheelchair_boarding":"0"}},{"type":"Feature","geometry":{"type":"Point","coordinates":[1.872778,50.951007]},"properties":{"stop_id":"zenbus:StopPoint:SP:5154397780705280:LOC","stop_code":"PASCAE","stop_name":"PASCAL","parent_station":"zenbus:StopArea:SA:579380019:LOC","wheelchair_boarding":"0"}},{"type":"Feature","geometry":{"type":"Point","coordinates":[1.880154,50.95205]},"properties":{"stop_id":"zenbus:StopPoint:SP:5102138248134656:LOC","stop_code":"VADEZE","stop_name":"VADEZ","parent_station":"","wheelchair_boarding":"0"}},{"type":"Feature","geometry":{"type":"Point","coordinates":[1.807273,50.943826]},"properties":{"stop_id":"zenbus:StopPoint:SP:5177148356689920:LOC","stop_code":"LAFRT3","stop_name":"CENTRE CIAL LA FRANCAISE","parent_station":"zenbus:StopArea:SA:532660030:LOC","wheelchair_boarding":"0"}},{"type":"Feature","geometry":{"type":"Point","coordinates":[1.833055,50.945804]},"properties":{"stop_id":"zenbus:StopPoint:SP:5192086020161536:LOC","stop_code":"RABATE","stop_name":"RABAT","parent_station":"zenbus:StopArea:SA:587060023:LOC","wheelchair_boarding":"0"}},{"type":"Feature","geometry":{"type":"Point","coordinates":[1.833122,50.947699]},"properties":{"stop_id":"zenbus:StopPoint:SP:4914553957646336:LOC","stop_code":"VAUB8E","stop_name":"VAUBAN","parent_station":"zenbus:StopArea:SA:550750020:LOC","wheelchair_boarding":"0"}},{"type":"Feature","geometry":{"type":"Point","coordinates":[1.828611,50.960644]},"properties":{"stop_id":"zenbus:StopPoint:SP:5142064264118272:LOC","stop_code":"EXTREE","stop_name":"EXTREMITE DE DIGUE","parent_station":"zenbus:StopArea:SA:736940007:LOC","wheelchair_boarding":"0"}},{"type":"Feature","geometry":{"type":"Point","coordinates":[1.832241,50.962182]},"properties":{"stop_id":"zenbus:StopPoint:SP:5090409118171136:LOC","stop_code":"MILIEE","stop_name":"MILIEU DE DIGUE","parent_station":"zenbus:StopArea:SA:572170017:LOC","wheelchair_boarding":"0"}},{"type":"Feature","geometry":{"type":"Point","coordinates":[1.837691,50.962481]},"properties":{"stop_id":"zenbus:StopPoint:SP:5163851515428864:LOC","stop_code":"JVIENE","stop_name":"JEAN DE VIENNE","parent_station":"zenbus:StopArea:SA:564090018:LOC","wheelchair_boarding":"0"}},{"type":"Feature","geometry":{"type":"Point","coordinates":[1.84196,50.963755]},"properties":{"stop_id":"zenbus:StopPoint:SP:5174457595330560:LOC","stop_code":"AUBERE","stop_name":"AUBERGE DE JEUNESSE","parent_station":"zenbus:StopArea:SA:686640003:LOC","wheelchair_boarding":"0"}},{"type":"Feature","geometry":{"type":"Point","coordinates":[1.843473,50.964968]},"properties":{"stop_id":"zenbus:StopPoint:SP:6273706089250816:LOC","stop_code":"PLUVIE","stop_name":"PLUVIOSE","parent_station":"zenbus:StopArea:SA:588870017:LOC","wheelchair_boarding":"0"}},{"type":"Feature","geometry":{"type":"Point","coordinates":[1.832832,50.959361]},"properties":{"stop_id":"zenbus:StopPoint:SP:5207028412710912:LOC","stop_code":"ASFELE","stop_name":"ASFELD","parent_station":"zenbus:StopArea:SA:5124397805338624:LOC","wheelchair_boarding":"0"}},{"type":"Feature","geometry":{"type":"Point","coordinates":[1.847412,50.94701]},"properties":{"stop_id":"zenbus:StopPoint:SP:5072769949630464:LOC","stop_code":"11NOVW","stop_name":"11 NOVEMBRE","parent_station":"zenbus:StopArea:SA:534650029:LOC","wheelchair_boarding":"0"}},{"type":"Feature","geometry":{"type":"Point","coordinates":[1.842825,50.946566]},"properties":{"stop_id":"zenbus:StopPoint:SP:5068907096309760:LOC","stop_code":"BERTHW","stop_name":"BERTHELOT","parent_station":"zenbus:StopArea:SA:706060001:LOC","wheelchair_boarding":"0"}},{"type":"Feature","geometry":{"type":"Point","coordinates":[1.83977,50.946222]},"properties":{"stop_id":"zenbus:StopPoint:SP:5116806651969536:LOC","stop_code":"CHANNW","stop_name":"LE CHANNEL","parent_station":"zenbus:StopArea:SA:577440014:LOC","wheelchair_boarding":"0"}},{"type":"Feature","geometry":{"type":"Point","coordinates":[1.833511,50.945571]},"properties":{"stop_id":"zenbus:StopPoint:SP:5096843979522048:LOC","stop_code":"ALGERW","stop_name":"ALGER","parent_station":"zenbus:StopArea:SA:553840016:LOC","wheelchair_boarding":"0"}},{"type":"Feature","geometry":{"type":"Point","coordinates":[1.827903,50.944984]},"properties":{"stop_id":"zenbus:StopPoint:SP:5081186323922944:LOC","stop_code":"MOGADW","stop_name":"MOGADOR","parent_station":"zenbus:StopArea:SA:579380017:LOC","wheelchair_boarding":"0"}},{"type":"Feature","geometry":{"type":"Point","coordinates":[1.823984,50.944563]},"properties":{"stop_id":"zenbus:StopPoint:SP:5138397049913344:LOC","stop_code":"PPARIW","stop_name":"PORTE DE PARIS","parent_station":"zenbus:StopArea:SA:556120001:LOC","wheelchair_boarding":"0"}},{"type":"Feature","geometry":{"type":"Point","coordinates":[1.802632,50.94039]},"properties":{"stop_id":"zenbus:StopPoint:SP:715050005:LOC","stop_code":"COTTAW","stop_name":"LES COTTAGES","parent_station":"zenbus:StopArea:SA:727400005:LOC","wheelchair_boarding":"0"}},{"type":"Feature","geometry":{"type":"Point","coordinates":[1.799831,50.93585]},"properties":{"stop_id":"zenbus:StopPoint:SP:230460010:LOC","stop_code":"CHARLW","stop_name":"CHARLES DE GAULLE","parent_station":"zenbus:StopArea:SA:572160022:LOC","wheelchair_boarding":"0"}},{"type":"Feature","geometry":{"type":"Point","coordinates":[1.799037,50.931817]},"properties":{"stop_id":"zenbus:StopPoint:SP:4920284047998976:LOC","stop_code":"TUNNEW","stop_name":"TUNNELIER","parent_station":"zenbus:StopArea:SA:583040017:LOC","wheelchair_boarding":"0"}},{"type":"Feature","geometry":{"type":"Point","coordinates":[1.807661,50.924664]},"properties":{"stop_id":"zenbus:StopPoint:SP:5083329328054272:LOC","stop_code":"SAPINW","stop_name":"SAPINS","parent_station":"zenbus:StopArea:SA:735210005:LOC","wheelchair_boarding":"0"}},{"type":"Feature","geometry":{"type":"Point","coordinates":[1.809007,50.930523]},"properties":{"stop_id":"zenbus:StopPoint:SP:5196979671924736:LOC","stop_code":"CARREW","stop_name":"PLACE CARREE","parent_station":"","wheelchair_boarding":"0"}},{"type":"Feature","geometry":{"type":"Point","coordinates":[1.807899,50.934172]},"properties":{"stop_id":"zenbus:StopPoint:SP:6291031450451968:LOC","stop_code":"EUROPW","stop_name":"CITE EUROPE","parent_station":"","wheelchair_boarding":"0"}},{"type":"Feature","geometry":{"type":"Point","coordinates":[1.809334,50.937381]},"properties":{"stop_id":"zenbus:StopPoint:SP:5179434237689856:LOC","stop_code":"CANTOW","stop_name":"PLACE DE CANTORBERY","parent_station":"zenbus:StopArea:SA:554740021:LOC","wheelchair_boarding":"0"}},{"type":"Feature","geometry":{"type":"Point","coordinates":[1.901525,50.949499]},"properties":{"stop_id":"zenbus:StopPoint:SP:5110622234607616:LOC","stop_code":"UTRILW","stop_name":"UTRILLO","parent_station":"zenbus:StopArea:SA:537710023:LOC","wheelchair_boarding":"0"}},{"type":"Feature","geometry":{"type":"Point","coordinates":[1.900485,50.948005]},"properties":{"stop_id":"zenbus:StopPoint:SP:5135101132275712:LOC","stop_code":"MATISW","stop_name":"MATISSE","parent_station":"zenbus:StopArea:SA:553840017:LOC","wheelchair_boarding":"0"}},{"type":"Feature","geometry":{"type":"Point","coordinates":[1.899971,50.946534]},"properties":{"stop_id":"zenbus:StopPoint:SP:5090346834853888:LOC","stop_code":"EXUPEW","stop_name":"SAINT EXUPERY","parent_station":"zenbus:StopArea:SA:550740021:LOC","wheelchair_boarding":"0"}},{"type":"Feature","geometry":{"type":"Point","coordinates":[1.890968,50.946291]},"properties":{"stop_id":"zenbus:StopPoint:SP:5101995356585984:LOC","stop_code":"RENOIW","stop_name":"RENOIR","parent_station":"zenbus:StopArea:SA:561890019:LOC","wheelchair_boarding":"0"}},{"type":"Feature","geometry":{"type":"Point","coordinates":[1.885542,50.946141]},"properties":{"stop_id":"zenbus:StopPoint:SP:6288780283609088:LOC","stop_code":"CIMETW","stop_name":"CIMETIERE","parent_station":"zenbus:StopArea:SA:572170015:LOC","wheelchair_boarding":"0"}},{"type":"Feature","geometry":{"type":"Point","coordinates":[1.881651,50.946028]},"properties":{"stop_id":"zenbus:StopPoint:SP:6327658931552256:LOC","stop_code":"JDENIW","stop_name":"JULIEN DENIS","parent_station":"zenbus:StopArea:SA:696760005:LOC","wheelchair_boarding":"0"}},{"type":"Feature","geometry":{"type":"Point","coordinates":[1.877998,50.945934]},"properties":{"stop_id":"zenbus:StopPoint:SP:5071216849190912:LOC","stop_code":"LAFONW","stop_name":"LA FONTAINE","parent_station":"zenbus:StopArea:SA:588880015:LOC","wheelchair_boarding":"0"}},{"type":"Feature","geometry":{"type":"Point","coordinates":[1.873448,50.945799]},"properties":{"stop_id":"zenbus:StopPoint:SP:5188824999133184:LOC","stop_code":"BALZAW","stop_name":"BALZAC","parent_station":"zenbus:StopArea:SA:550760013:LOC","wheelchair_boarding":"0"}},{"type":"Feature","geometry":{"type":"Point","coordinates":[1.866796,50.945496]},"properties":{"stop_id":"zenbus:StopPoint:SP:5150784272465920:LOC","stop_code":"NATIOW","stop_name":"NATION","parent_station":"zenbus:StopArea:SA:731100005:LOC","wheelchair_boarding":"0"}},{"type":"Feature","geometry":{"type":"Point","coordinates":[1.863821,50.945157]},"properties":{"stop_id":"zenbus:StopPoint:SP:5180010182737920:LOC","stop_code":"BRAMPW","stop_name":"BRAMPTON","parent_station":"zenbus:StopArea:SA:729180003:LOC","wheelchair_boarding":"0"}},{"type":"Feature","geometry":{"type":"Point","coordinates":[1.861361,50.945752]},"properties":{"stop_id":"zenbus:StopPoint:SP:5088029163126784:LOC","stop_code":"CREVEW","stop_name":"CREVECOEUR","parent_station":"zenbus:StopArea:SA:577430017:LOC","wheelchair_boarding":"0"}},{"type":"Feature","geometry":{"type":"Point","coordinates":[1.856829,50.946977]},"properties":{"stop_id":"zenbus:StopPoint:SP:5179749062148096:LOC","stop_code":"LAFAYW","stop_name":"LAFAYETTE","parent_station":"zenbus:StopArea:SA:552010012:LOC","wheelchair_boarding":"0"}},{"type":"Feature","geometry":{"type":"Point","coordinates":[1.955414,50.957579]},"properties":{"stop_id":"zenbus:StopPoint:SP:564100026:LOC","stop_code":"AERODW","stop_name":"MARCK AERODROME","parent_station":"zenbus:StopArea:SA:573750021:LOC","wheelchair_boarding":"0"}},{"type":"Feature","geometry":{"type":"Point","coordinates":[1.955474,50.949342]},"properties":{"stop_id":"zenbus:StopPoint:SP:6236024864768000:LOC","stop_code":"MMARCW","stop_name":"MAIRIE DE MARCK","parent_station":"zenbus:StopArea:SA:260500004:LOC","wheelchair_boarding":"0"}},{"type":"Feature","geometry":{"type":"Point","coordinates":[1.952164,50.94985]},"properties":{"stop_id":"zenbus:StopPoint:SP:4910834952175616:LOC","stop_code":"CORNEW","stop_name":"CORNEILLE","parent_station":"zenbus:StopArea:SA:572130011:LOC","wheelchair_boarding":"0"}},{"type":"Feature","geometry":{"type":"Point","coordinates":[1.946557,50.950431]},"properties":{"stop_id":"zenbus:StopPoint:SP:6246359143284736:LOC","stop_code":"CHARDW","stop_name":"CHARDONNERETS","parent_station":"zenbus:StopArea:SA:554740020:LOC","wheelchair_boarding":"0"}},{"type":"Feature","geometry":{"type":"Point","coordinates":[1.940598,50.952345]},"properties":{"stop_id":"zenbus:StopPoint:SP:6315486826463232:LOC","stop_code":"CURIEW","stop_name":"CURIE","parent_station":"zenbus:StopArea:SA:590800018:LOC","wheelchair_boarding":"0"}},{"type":"Feature","geometry":{"type":"Point","coordinates":[1.934946,50.953177]},"properties":{"stop_id":"zenbus:StopPoint:SP:5962938160513024:LOC","stop_code":"STADEW","stop_name":"STADE","parent_station":"zenbus:StopArea:SA:579370019:LOC","wheelchair_boarding":"0"}},{"type":"Feature","geometry":{"type":"Point","coordinates":[1.931465,50.953663]},"properties":{"stop_id":"zenbus:StopPoint:SP:6204153724403712:LOC","stop_code":"ETANGW","stop_name":"ETANG","parent_station":"zenbus:StopArea:SA:579350020:LOC","wheelchair_boarding":"0"}},{"type":"Feature","geometry":{"type":"Point","coordinates":[1.926572,50.954011]},"properties":{"stop_id":"zenbus:StopPoint:SP:6309936688529408:LOC","stop_code":"GENDAW","stop_name":"GENDARMERIE","parent_station":"zenbus:StopArea:SA:564110017:LOC","wheelchair_boarding":"0"}},{"type":"Feature","geometry":{"type":"Point","coordinates":[1.923411,50.953836]},"properties":{"stop_id":"zenbus:StopPoint:SP:5075937689337856:LOC","stop_code":"DRYADW","stop_name":"LES DRYADES","parent_station":"zenbus:StopArea:SA:579390014:LOC","wheelchair_boarding":"0"}},{"type":"Feature","geometry":{"type":"Point","coordinates":[1.913292,50.952079]},"properties":{"stop_id":"zenbus:StopPoint:SP:5159235274932224:LOC","stop_code":"HOTELW","stop_name":"HOTEL DES ENTREPRISES","parent_station":"zenbus:StopArea:SA:710290002:LOC","wheelchair_boarding":"0"}},{"type":"Feature","geometry":{"type":"Point","coordinates":[1.910874,50.954264]},"properties":{"stop_id":"zenbus:StopPoint:SP:5129017764085760:LOC","stop_code":"MDOREW","stop_name":"MARCEL DORET","parent_station":"zenbus:StopArea:SA:550770019:LOC","wheelchair_boarding":"0"}},{"type":"Feature","geometry":{"type":"Point","coordinates":[1.908288,50.951072]},"properties":{"stop_id":"zenbus:StopPoint:SP:6009407139741696:LOC","stop_code":"LEFEBW","stop_name":"LEFEBVRE","parent_station":"zenbus:StopArea:SA:733290003:LOC","wheelchair_boarding":"0"}},{"type":"Feature","geometry":{"type":"Point","coordinates":[1.849187,50.954105]},"properties":{"stop_id":"zenbus:StopPoint:SP:706080004:LOC","stop_code":"PEMQUH","stop_name":"GARE","parent_station":"zenbus:StopArea:SA:702180002:LOC","wheelchair_boarding":"0"}},{"type":"Feature","geometry":{"type":"Point","coordinates":[1.838975,50.945664]},"properties":{"stop_id":"zenbus:StopPoint:SP:579370031:LOC","stop_code":"CATINW","stop_name":"CATINAT","parent_station":"","wheelchair_boarding":"0"}},{"type":"Feature","geometry":{"type":"Point","coordinates":[1.839859,50.942695]},"properties":{"stop_id":"zenbus:StopPoint:SP:6290882116452352:LOC","stop_code":"TOULW","stop_name":"TOUL","parent_station":"zenbus:StopArea:SA:579390018:LOC","wheelchair_boarding":"0"}},{"type":"Feature","geometry":{"type":"Point","coordinates":[1.844672,50.94095]},"properties":{"stop_id":"zenbus:StopPoint:SP:5147844216356864:LOC","stop_code":"JOFFRW","stop_name":"JOFFRE","parent_station":"zenbus:StopArea:SA:573760020:LOC","wheelchair_boarding":"0"}},{"type":"Feature","geometry":{"type":"Point","coordinates":[1.847203,50.93999]},"properties":{"stop_id":"zenbus:StopPoint:SP:6261001039118336:LOC","stop_code":"AUGERW","stop_name":"AUGEREAU","parent_station":"zenbus:StopArea:SA:14780048:LOC","wheelchair_boarding":"0"}},{"type":"Feature","geometry":{"type":"Point","coordinates":[1.856009,50.932853]},"properties":{"stop_id":"zenbus:StopPoint:SP:587050029:LOC","stop_code":"MONTRW","stop_name":"MONTREAL","parent_station":"zenbus:StopArea:SA:573750025:LOC","wheelchair_boarding":"0"}},{"type":"Feature","geometry":{"type":"Point","coordinates":[1.858976,50.929897]},"properties":{"stop_id":"zenbus:StopPoint:SP:5190231064051712:LOC","stop_code":"SPORTW","stop_name":"CAFE DES SPORTS","parent_station":"zenbus:StopArea:SA:736940006:LOC","wheelchair_boarding":"0"}},{"type":"Feature","geometry":{"type":"Point","coordinates":[1.863067,50.92878]},"properties":{"stop_id":"zenbus:StopPoint:SP:5098473651175424:LOC","stop_code":"ARGENE","stop_name":"ARGENTINE","parent_station":"zenbus:StopArea:SA:572160025:LOC","wheelchair_boarding":"0"}},{"type":"Feature","geometry":{"type":"Point","coordinates":[1.867242,50.927194]},"properties":{"stop_id":"zenbus:StopPoint:SP:587080006:LOC","stop_code":"PTCOUE","stop_name":"PONT DE COULOGNE","parent_station":"zenbus:StopArea:SA:20870045:LOC","wheelchair_boarding":"0"}},{"type":"Feature","geometry":{"type":"Point","coordinates":[1.870093,50.926846]},"properties":{"stop_id":"zenbus:StopPoint:SP:5164890354352128:LOC","stop_code":"MARROW","stop_name":"MARRONNIERS","parent_station":"zenbus:StopArea:SA:573750026:LOC","wheelchair_boarding":"0"}},{"type":"Feature","geometry":{"type":"Point","coordinates":[1.87499,50.926183]},"properties":{"stop_id":"zenbus:StopPoint:SP:722840009:LOC","stop_code":"CMONUW","stop_name":"MONUMENT COULOGNE","parent_station":"","wheelchair_boarding":"0"}},{"type":"Feature","geometry":{"type":"Point","coordinates":[1.881006,50.925821]},"properties":{"stop_id":"zenbus:StopPoint:SP:5133084578021376:LOC","stop_code":"DOUMEW","stop_name":"RUE PAUL DOUMER","parent_station":"","wheelchair_boarding":"0"}},{"type":"Feature","geometry":{"type":"Point","coordinates":[1.885188,50.925524]},"properties":{"stop_id":"zenbus:StopPoint:SP:5121358109343744:LOC","stop_code":"STEANW","stop_name":"SAINTE ANNE","parent_station":"zenbus:StopArea:SA:719400004:LOC","wheelchair_boarding":"0"}},{"type":"Feature","geometry":{"type":"Point","coordinates":[1.887347,50.92646]},"properties":{"stop_id":"zenbus:StopPoint:SP:5183712109002752:LOC","stop_code":"EGLCOW","stop_name":"EGLISE DE COULOGNE","parent_station":"zenbus:StopArea:SA:564090020:LOC","wheelchair_boarding":"0"}},{"type":"Feature","geometry":{"type":"Point","coordinates":[1.887009,50.928611]},"properties":{"stop_id":"zenbus:StopPoint:SP:5934897929650176:LOC","stop_code":"SAULEW","stop_name":"LES SAULES","parent_station":"zenbus:StopArea:SA:9010045:LOC","wheelchair_boarding":"0"}},{"type":"Feature","geometry":{"type":"Point","coordinates":[1.886817,50.931959]},"properties":{"stop_id":"zenbus:StopPoint:SP:5126974315954176:LOC","stop_code":"EUSTAW","stop_name":"EUSTACHE SAINT PIERRE","parent_station":"zenbus:StopArea:SA:723840002:LOC","wheelchair_boarding":"0"}},{"type":"Feature","geometry":{"type":"Point","coordinates":[1.886916,50.935892]},"properties":{"stop_id":"zenbus:StopPoint:SP:6198669856473088:LOC","stop_code":"VIRVAE","stop_name":"VIRVAL","parent_station":"zenbus:StopArea:SA:729210004:LOC","wheelchair_boarding":"0"}},{"type":"Feature","geometry":{"type":"Point","coordinates":[1.890033,50.943971]},"properties":{"stop_id":"zenbus:StopPoint:SP:706640016:LOC","stop_code":"VALLEW","stop_name":"VALLES","parent_station":"zenbus:StopArea:SA:720880001:LOC","wheelchair_boarding":"0"}},{"type":"Feature","geometry":{"type":"Point","coordinates":[1.887304,50.943478]},"properties":{"stop_id":"zenbus:StopPoint:SP:5129212195241984:LOC","stop_code":"CASTRW","stop_name":"CHEMIN CASTRES","parent_station":"zenbus:StopArea:SA:281190010:LOC","wheelchair_boarding":"0"}},{"type":"Feature","geometry":{"type":"Point","coordinates":[1.883825,50.940577]},"properties":{"stop_id":"zenbus:StopPoint:SP:5100661601468416:LOC","stop_code":"MICHEW","stop_name":"MICHELET","parent_station":"zenbus:StopArea:SA:538300021:LOC","wheelchair_boarding":"0"}},{"type":"Feature","geometry":{"type":"Point","coordinates":[1.880376,50.939116]},"properties":{"stop_id":"zenbus:StopPoint:SP:5202958400618496:LOC","stop_code":"HALTEW","stop_name":"SAINT PIERRE HALTE","parent_station":"zenbus:StopArea:SA:890044:LOC","wheelchair_boarding":"0"}},{"type":"Feature","geometry":{"type":"Point","coordinates":[1.871607,50.95105]},"properties":{"stop_id":"zenbus:StopPoint:SP:5109397430730752:LOC","stop_code":"PASCAW","stop_name":"PASCAL","parent_station":"zenbus:StopArea:SA:579380019:LOC","wheelchair_boarding":"0"}},{"type":"Feature","geometry":{"type":"Point","coordinates":[1.867914,50.950489]},"properties":{"stop_id":"zenbus:StopPoint:SP:5199145738436608:LOC","stop_code":"DELARW","stop_name":"DELAROCHE","parent_station":"zenbus:StopArea:SA:563020020:LOC","wheelchair_boarding":"0"}},{"type":"Feature","geometry":{"type":"Point","coordinates":[1.864464,50.949955]},"properties":{"stop_id":"zenbus:StopPoint:SP:5196313878593536:LOC","stop_code":"CONDOW","stop_name":"CONDORCET","parent_station":"zenbus:StopArea:SA:738880001:LOC","wheelchair_boarding":"0"}},{"type":"Feature","geometry":{"type":"Point","coordinates":[1.862639,50.948512]},"properties":{"stop_id":"zenbus:StopPoint:SP:6193938914344960:LOC","stop_code":"YSERW","stop_name":"YSER","parent_station":"zenbus:StopArea:SA:590820017:LOC","wheelchair_boarding":"0"}},{"type":"Feature","geometry":{"type":"Point","coordinates":[1.848893,50.953834]},"properties":{"stop_id":"zenbus:StopPoint:SP:684490008:LOC","stop_code":"PEMQUI","stop_name":"GARE","parent_station":"zenbus:StopArea:SA:702180002:LOC","wheelchair_boarding":"0"}},{"type":"Feature","geometry":{"type":"Point","coordinates":[1.842946,50.954347]},"properties":{"stop_id":"zenbus:StopPoint:SP:5082489827622912:LOC","stop_code":"SOUVEW","stop_name":"STADE DU SOUVENIR","parent_station":"zenbus:StopArea:SA:232600009:LOC","wheelchair_boarding":"0"}},{"type":"Feature","geometry":{"type":"Point","coordinates":[1.838903,50.953516]},"properties":{"stop_id":"zenbus:StopPoint:SP:5182594612199424:LOC","stop_code":"COUBEW","stop_name":"COUBERTIN","parent_station":"zenbus:StopArea:SA:542440018:LOC","wheelchair_boarding":"0"}},{"type":"Feature","geometry":{"type":"Point","coordinates":[1.857974,50.930002]},"properties":{"stop_id":"zenbus:StopPoint:SP:6236261289295872:LOC","stop_code":"CHATAW","stop_name":"CHATAIGNIERS","parent_station":"","wheelchair_boarding":"0"}},{"type":"Feature","geometry":{"type":"Point","coordinates":[1.854717,50.928357]},"properties":{"stop_id":"zenbus:StopPoint:SP:5097208850415616:LOC","stop_code":"PAQUEW","stop_name":"PAQUETTE","parent_station":"zenbus:StopArea:SA:30960053:LOC","wheelchair_boarding":"0"}},{"type":"Feature","geometry":{"type":"Point","coordinates":[1.855315,50.92616]},"properties":{"stop_id":"zenbus:StopPoint:SP:6267855806922752:LOC","stop_code":"MANNEW","stop_name":"MAIRIE ANNEXE","parent_station":"zenbus:StopArea:SA:10860010:LOC","wheelchair_boarding":"0"}},{"type":"Feature","geometry":{"type":"Point","coordinates":[1.858597,50.924863]},"properties":{"stop_id":"zenbus:StopPoint:SP:5117363454214144:LOC","stop_code":"3PLANW","stop_name":"PONT A 3 PLANCHES","parent_station":"zenbus:StopArea:SA:554740023:LOC","wheelchair_boarding":"0"}},{"type":"Feature","geometry":{"type":"Point","coordinates":[1.862712,50.925783]},"properties":{"stop_id":"zenbus:StopPoint:SP:5117401488162816:LOC","stop_code":"ROGERW","stop_name":"ECOLE ROGER MACKE","parent_station":"","wheelchair_boarding":"0"}},{"type":"Feature","geometry":{"type":"Point","coordinates":[1.867637,50.926559]},"properties":{"stop_id":"zenbus:StopPoint:SP:6224957002481664:LOC","stop_code":"RGUINW","stop_name":"ROUTE DE GUINES","parent_station":"","wheelchair_boarding":"0"}},{"type":"Feature","geometry":{"type":"Point","coordinates":[1.834895,50.956109]},"properties":{"stop_id":"zenbus:StopPoint:SP:4863395816800256:LOC","stop_code":"LCOUW","stop_name":"LYCEE COUBERTIN","parent_station":"zenbus:StopArea:SA:552000022:LOC","wheelchair_boarding":"0"}},{"type":"Feature","geometry":{"type":"Point","coordinates":[1.88781,50.924691]},"properties":{"stop_id":"zenbus:StopPoint:SP:715100001:LOC","stop_code":"CMAIRE","stop_name":"MAIRIE DE COULOGNE","parent_station":"zenbus:StopArea:SA:18970055:LOC","wheelchair_boarding":"0"}},{"type":"Feature","geometry":{"type":"Point","coordinates":[1.888006,50.92279]},"properties":{"stop_id":"zenbus:StopPoint:SP:700700006:LOC","stop_code":"CMOZAE","stop_name":"MOZART","parent_station":"zenbus:StopArea:SA:723760004:LOC","wheelchair_boarding":"0"}},{"type":"Feature","geometry":{"type":"Point","coordinates":[1.888341,50.919633]},"properties":{"stop_id":"zenbus:StopPoint:SP:6213803291181056:LOC","stop_code":"CLIPEE","stop_name":"CLIPET","parent_station":"zenbus:StopArea:SA:572160026:LOC","wheelchair_boarding":"0"}},{"type":"Feature","geometry":{"type":"Point","coordinates":[1.867628,50.945129]},"properties":{"stop_id":"zenbus:StopPoint:SP:5185171122814976:LOC","stop_code":"NATI7E","stop_name":"NATION","parent_station":"zenbus:StopArea:SA:731100005:LOC","wheelchair_boarding":"0"}},{"type":"Feature","geometry":{"type":"Point","coordinates":[1.871472,50.943253]},"properties":{"stop_id":"zenbus:StopPoint:SP:5194103446831104:LOC","stop_code":"VHUGOE","stop_name":"VICTOR HUGO","parent_station":"zenbus:StopArea:SA:10840042:LOC","wheelchair_boarding":"0"}},{"type":"Feature","geometry":{"type":"Point","coordinates":[1.873954,50.942071]},"properties":{"stop_id":"zenbus:StopPoint:SP:5147935373262848:LOC","stop_code":"STBENE","stop_name":"SAINT BENOIT","parent_station":"zenbus:StopArea:SA:706770007:LOC","wheelchair_boarding":"0"}},{"type":"Feature","geometry":{"type":"Point","coordinates":[1.876966,50.940631]},"properties":{"stop_id":"zenbus:StopPoint:SP:6212430998798336:LOC","stop_code":"DETROE","stop_name":"DETROIT","parent_station":"zenbus:StopArea:SA:717850003:LOC","wheelchair_boarding":"0"}},{"type":"Feature","geometry":{"type":"Point","coordinates":[1.879657,50.939354]},"properties":{"stop_id":"zenbus:StopPoint:SP:5129816242126848:LOC","stop_code":"HALTEE","stop_name":"SAINT PIERRE HALTE","parent_station":"zenbus:StopArea:SA:890044:LOC","wheelchair_boarding":"0"}},{"type":"Feature","geometry":{"type":"Point","coordinates":[1.88553,50.936564]},"properties":{"stop_id":"zenbus:StopPoint:SP:6244413137223680:LOC","stop_code":"VIRV8E","stop_name":"VIRVAL","parent_station":"zenbus:StopArea:SA:729210004:LOC","wheelchair_boarding":"0"}},{"type":"Feature","geometry":{"type":"Point","coordinates":[1.886891,50.932158]},"properties":{"stop_id":"zenbus:StopPoint:SP:6326548346961920:LOC","stop_code":"EUSTAE","stop_name":"EUSTACHE SAINT PIERRE","parent_station":"zenbus:StopArea:SA:723840002:LOC","wheelchair_boarding":"0"}},{"type":"Feature","geometry":{"type":"Point","coordinates":[1.886975,50.928404]},"properties":{"stop_id":"zenbus:StopPoint:SP:5096361399681024:LOC","stop_code":"SAULEE","stop_name":"LES SAULES","parent_station":"zenbus:StopArea:SA:9010045:LOC","wheelchair_boarding":"0"}},{"type":"Feature","geometry":{"type":"Point","coordinates":[1.887272,50.926341]},"properties":{"stop_id":"zenbus:StopPoint:SP:6197159907033088:LOC","stop_code":"EGLCOE","stop_name":"EGLISE DE COULOGNE","parent_station":"zenbus:StopArea:SA:564090020:LOC","wheelchair_boarding":"0"}},{"type":"Feature","geometry":{"type":"Point","coordinates":[1.90791,50.921889]},"properties":{"stop_id":"zenbus:StopPoint:SP:5124169903636480:LOC","stop_code":"3COMME","stop_name":"3 COMMUNES","parent_station":"zenbus:StopArea:SA:566920018:LOC","wheelchair_boarding":"0"}},{"type":"Feature","geometry":{"type":"Point","coordinates":[1.933746,50.908445]},"properties":{"stop_id":"zenbus:StopPoint:SP:4837038253670400:LOC","stop_code":"ATTAQE","stop_name":"MAIRIE  LES ATTAQUES","parent_station":"zenbus:StopArea:SA:12770058:LOC","wheelchair_boarding":"0"}},{"type":"Feature","geometry":{"type":"Point","coordinates":[1.969244,50.894737]},"properties":{"stop_id":"zenbus:StopPoint:SP:4789785023479808:LOC","stop_code":"PARDRE","stop_name":"PONT D'ARDRES","parent_station":"zenbus:StopArea:SA:563020021:LOC","wheelchair_boarding":"0"}},{"type":"Feature","geometry":{"type":"Point","coordinates":[1.968368,50.89356]},"properties":{"stop_id":"zenbus:StopPoint:SP:5169616361881600:LOC","stop_code":"HALAGE","stop_name":"CONTRE HALAGE","parent_station":"zenbus:StopArea:SA:794460020:LOC","wheelchair_boarding":"0"}},{"type":"Feature","geometry":{"type":"Point","coordinates":[1.842006,50.939514]},"properties":{"stop_id":"zenbus:StopPoint:SP:6246887776583680:LOC","stop_code":"ZCAILE","stop_name":"ZAC DES CAILLOUX","parent_station":"zenbus:StopArea:SA:18960056:LOC","wheelchair_boarding":"0"}},{"type":"Feature","geometry":{"type":"Point","coordinates":[1.832231,50.94219]},"properties":{"stop_id":"zenbus:StopPoint:SP:5954786312585216:LOC","stop_code":"ZCHEME","stop_name":"ZAC DU CHEMIN VERT","parent_station":"zenbus:StopArea:SA:710290004:LOC","wheelchair_boarding":"0"}},{"type":"Feature","geometry":{"type":"Point","coordinates":[1.831025,50.944269]},"properties":{"stop_id":"zenbus:StopPoint:SP:5081102186184704:LOC","stop_code":"TUNISE","stop_name":"TUNIS","parent_station":"zenbus:StopArea:SA:22750049:LOC","wheelchair_boarding":"0"}},{"type":"Feature","geometry":{"type":"Point","coordinates":[1.835112,50.94862]},"properties":{"stop_id":"zenbus:StopPoint:SP:564090027:LOC","stop_code":"AGADIE","stop_name":"AGADIR","parent_station":"zenbus:StopArea:SA:698250001:LOC","wheelchair_boarding":"0"}},{"type":"Feature","geometry":{"type":"Point","coordinates":[1.830468,50.950925]},"properties":{"stop_id":"zenbus:StopPoint:SP:4855229011984384:LOC","stop_code":"CENTRE","stop_name":"CENTRE BUS","parent_station":"zenbus:StopArea:SA:720820004:LOC","wheelchair_boarding":"0"}},{"type":"Feature","geometry":{"type":"Point","coordinates":[1.849835,50.954109]},"properties":{"stop_id":"zenbus:StopPoint:SP:720870003:LOC","stop_code":"PEMQUD","stop_name":"GARE","parent_station":"zenbus:StopArea:SA:702180002:LOC","wheelchair_boarding":"0"}},{"type":"Feature","geometry":{"type":"Point","coordinates":[1.85831,50.944722]},"properties":{"stop_id":"zenbus:StopPoint:SP:6245222805667840:LOC","stop_code":"BOURSE","stop_name":"BOURSE","parent_station":"","wheelchair_boarding":"0"}},{"type":"Feature","geometry":{"type":"Point","coordinates":[1.857997,50.941463]},"properties":{"stop_id":"zenbus:StopPoint:SP:5067066904150016:LOC","stop_code":"FOURAE","stop_name":"FOUR A CHAUX","parent_station":"","wheelchair_boarding":"0"}},{"type":"Feature","geometry":{"type":"Point","coordinates":[1.861776,50.939527]},"properties":{"stop_id":"zenbus:StopPoint:SP:5200648440119296:LOC","stop_code":"PRAIRE","stop_name":"PRAIRIES","parent_station":"zenbus:StopArea:SA:563420014:LOC","wheelchair_boarding":"0"}},{"type":"Feature","geometry":{"type":"Point","coordinates":[1.864934,50.939289]},"properties":{"stop_id":"zenbus:StopPoint:SP:5166445535166464:LOC","stop_code":"COPERE","stop_name":"COPERNIC","parent_station":"zenbus:StopArea:SA:550750019:LOC","wheelchair_boarding":"0"}},{"type":"Feature","geometry":{"type":"Point","coordinates":[1.869616,50.9398]},"properties":{"stop_id":"zenbus:StopPoint:SP:5102236042526720:LOC","stop_code":"PCURIE","stop_name":"PONT CURIE","parent_station":"zenbus:StopArea:SA:260520001:LOC","wheelchair_boarding":"0"}},{"type":"Feature","geometry":{"type":"Point","coordinates":[1.871832,50.940923]},"properties":{"stop_id":"zenbus:StopPoint:SP:5180341012660224:LOC","stop_code":"OVIDEE","stop_name":"OVIDE","parent_station":"zenbus:StopArea:SA:561440003:LOC","wheelchair_boarding":"0"}},{"type":"Feature","geometry":{"type":"Point","coordinates":[1.890806,50.93844]},"properties":{"stop_id":"zenbus:StopPoint:SP:4820520379875328:LOC","stop_code":"ROSELE","stop_name":"LA ROSELIERE","parent_station":"zenbus:StopArea:SA:563050020:LOC","wheelchair_boarding":"0"}},{"type":"Feature","geometry":{"type":"Point","coordinates":[1.807175,50.944213]},"properties":{"stop_id":"zenbus:StopPoint:SP:5075465677045760:LOC","stop_code":"LAFRR3","stop_name":"CENTRE CIAL LA FRANCAISE","parent_station":"zenbus:StopArea:SA:532660030:LOC","wheelchair_boarding":"0"}},{"type":"Feature","geometry":{"type":"Point","coordinates":[1.80221,50.955373]},"properties":{"stop_id":"zenbus:StopPoint:SP:5089176724701184:LOC","stop_code":"BASEVE","stop_name":"BASE DE VOILE","parent_station":"zenbus:StopArea:SA:554750018:LOC","wheelchair_boarding":"0"}},{"type":"Feature","geometry":{"type":"Point","coordinates":[1.810723,50.956725]},"properties":{"stop_id":"zenbus:StopPoint:SP:578870001:LOC","stop_code":"CAMPIE","stop_name":"CAMPING","parent_station":"zenbus:StopArea:SA:721820001:LOC","wheelchair_boarding":"0"}},{"type":"Feature","geometry":{"type":"Point","coordinates":[1.813679,50.954956]},"properties":{"stop_id":"zenbus:StopPoint:SP:5099993801162752:LOC","stop_code":"LANGLE","stop_name":"LANGLET","parent_station":"zenbus:StopArea:SA:554740022:LOC","wheelchair_boarding":"0"}},{"type":"Feature","geometry":{"type":"Point","coordinates":[1.815972,50.953017]},"properties":{"stop_id":"zenbus:StopPoint:SP:5155933139238912:LOC","stop_code":"MOZARE","stop_name":"MOZART","parent_station":"zenbus:StopArea:SA:735210004:LOC","wheelchair_boarding":"0"}},{"type":"Feature","geometry":{"type":"Point","coordinates":[1.81616,50.954952]},"properties":{"stop_id":"zenbus:StopPoint:SP:5121468738306048:LOC","stop_code":"BERLIE","stop_name":"BERLIOZ","parent_station":"zenbus:StopArea:SA:575990015:LOC","wheelchair_boarding":"0"}},{"type":"Feature","geometry":{"type":"Point","coordinates":[1.816055,50.95676]},"properties":{"stop_id":"zenbus:StopPoint:SP:5192057370968064:LOC","stop_code":"CHAT3E","stop_name":"CHATEAU D'EAU","parent_station":"zenbus:StopArea:SA:706770004:LOC","wheelchair_boarding":"0"}},{"type":"Feature","geometry":{"type":"Point","coordinates":[1.817802,50.957237]},"properties":{"stop_id":"zenbus:StopPoint:SP:4883507232899072:LOC","stop_code":"MONUME","stop_name":"MONUMENT","parent_station":"zenbus:StopArea:SA:566180019:LOC","wheelchair_boarding":"0"}},{"type":"Feature","geometry":{"type":"Point","coordinates":[1.822265,50.957862]},"properties":{"stop_id":"zenbus:StopPoint:SP:5078253817561088:LOC","stop_code":"PHARME","stop_name":"PHARMACIE","parent_station":"zenbus:StopArea:SA:573750024:LOC","wheelchair_boarding":"0"}},{"type":"Feature","geometry":{"type":"Point","coordinates":[1.825294,50.958493]},"properties":{"stop_id":"zenbus:StopPoint:SP:5191478917726208:LOC","stop_code":"EGBLEE","stop_name":"EGLISE DE BLERIOT","parent_station":"zenbus:StopArea:SA:727400004:LOC","wheelchair_boarding":"0"}},{"type":"Feature","geometry":{"type":"Point","coordinates":[1.847867,50.960891]},"properties":{"stop_id":"zenbus:StopPoint:SP:5126997206368256:LOC","stop_code":"GAVETE","stop_name":"GAVET","parent_station":"zenbus:StopArea:SA:564120022:LOC","wheelchair_boarding":"0"}},{"type":"Feature","geometry":{"type":"Point","coordinates":[1.850006,50.960736]},"properties":{"stop_id":"zenbus:StopPoint:SP:6418872860147712:LOC","stop_code":"CCIE","stop_name":"CCI","parent_station":"zenbus:StopArea:SA:727410002:LOC","wheelchair_boarding":"0"}},{"type":"Feature","geometry":{"type":"Point","coordinates":[1.853294,50.961529]},"properties":{"stop_id":"zenbus:StopPoint:SP:6040453864488960:LOC","stop_code":"PHAREE","stop_name":"PHARE","parent_station":"zenbus:StopArea:SA:585280016:LOC","wheelchair_boarding":"0"}},{"type":"Feature","geometry":{"type":"Point","coordinates":[1.855857,50.96134]},"properties":{"stop_id":"zenbus:StopPoint:SP:5133990547685376:LOC","stop_code":"SUEDEE","stop_name":"PLACE DE SUEDE","parent_station":"zenbus:StopArea:SA:538300019:LOC","wheelchair_boarding":"0"}},{"type":"Feature","geometry":{"type":"Point","coordinates":[1.855472,50.957329]},"properties":{"stop_id":"zenbus:StopPoint:SP:5135581497524224:LOC","stop_code":"LORRAE","stop_name":"PLACE LORRAINE","parent_station":"zenbus:StopArea:SA:573760018:LOC","wheelchair_boarding":"0"}},{"type":"Feature","geometry":{"type":"Point","coordinates":[1.742646,50.942713]},"properties":{"stop_id":"zenbus:StopPoint:SP:6214357694283776:LOC","stop_code":"DESCEE","stop_name":"DESCENDERIE","parent_station":"zenbus:StopArea:SA:735210003:LOC","wheelchair_boarding":"0"}},{"type":"Feature","geometry":{"type":"Point","coordinates":[1.746543,50.944178]},"properties":{"stop_id":"zenbus:StopPoint:SP:5111101844881408:LOC","stop_code":"EGLISE","stop_name":"EGLISE","parent_station":"zenbus:StopArea:SA:566190019:LOC","wheelchair_boarding":"0"}},{"type":"Feature","geometry":{"type":"Point","coordinates":[1.75398,50.946061]},"properties":{"stop_id":"zenbus:StopPoint:SP:6309612015845376:LOC","stop_code":"MAISOE","stop_name":"MAISON PETITE ENFANCE","parent_station":"zenbus:StopArea:SA:729180005:LOC","wheelchair_boarding":"0"}},{"type":"Feature","geometry":{"type":"Point","coordinates":[1.759569,50.947827]},"properties":{"stop_id":"zenbus:StopPoint:SP:6242706558812160:LOC","stop_code":"MAIRIE","stop_name":"MAIRIE SANGATTE","parent_station":"zenbus:StopArea:SA:577450013:LOC","wheelchair_boarding":"0"}},{"type":"Feature","geometry":{"type":"Point","coordinates":[1.762487,50.948751]},"properties":{"stop_id":"zenbus:StopPoint:SP:5192416531316736:LOC","stop_code":"RELAIE","stop_name":"LE RELAIS","parent_station":"zenbus:StopArea:SA:588890006:LOC","wheelchair_boarding":"0"}},{"type":"Feature","geometry":{"type":"Point","coordinates":[1.766083,50.949594]},"properties":{"stop_id":"zenbus:StopPoint:SP:5077921880342528:LOC","stop_code":"STADSE","stop_name":"STADE DE SANGATTE","parent_station":"zenbus:StopArea:SA:5160714236854272:LOC","wheelchair_boarding":"0"}},{"type":"Feature","geometry":{"type":"Point","coordinates":[1.774626,50.951929]},"properties":{"stop_id":"zenbus:StopPoint:SP:6304167540817920:LOC","stop_code":"DOSDAE","stop_name":"DOS D'ANE","parent_station":"zenbus:StopArea:SA:572140024:LOC","wheelchair_boarding":"0"}},{"type":"Feature","geometry":{"type":"Point","coordinates":[1.790481,50.954279]},"properties":{"stop_id":"zenbus:StopPoint:SP:5095688817868800:LOC","stop_code":"SALINE","stop_name":"LES SALINES","parent_station":"zenbus:StopArea:SA:568190018:LOC","wheelchair_boarding":"0"}},{"type":"Feature","geometry":{"type":"Point","coordinates":[1.800314,50.955816]},"properties":{"stop_id":"zenbus:StopPoint:SP:5125122300051456:LOC","stop_code":"BASE5E","stop_name":"BASE DE VOILE","parent_station":"zenbus:StopArea:SA:554750018:LOC","wheelchair_boarding":"0"}},{"type":"Feature","geometry":{"type":"Point","coordinates":[1.802098,50.955431]},"properties":{"stop_id":"zenbus:StopPoint:SP:5122495134826496:LOC","stop_code":"BASEVW","stop_name":"BASE DE VOILE","parent_station":"zenbus:StopArea:SA:554750018:LOC","wheelchair_boarding":"0"}},{"type":"Feature","geometry":{"type":"Point","coordinates":[1.885444,50.862357]},"properties":{"stop_id":"zenbus:StopPoint:SP:4827482499842048:LOC","stop_code":"ZACGUW","stop_name":"ZAC DE GUINES","parent_station":"zenbus:StopArea:SA:4861338284195840:LOC","wheelchair_boarding":"0"}},{"type":"Feature","geometry":{"type":"Point","coordinates":[1.87472,50.867619]},"properties":{"stop_id":"zenbus:StopPoint:SP:5123160519213056:LOC","stop_code":"PLPOIE","stop_name":"PLACE DES POILUS","parent_station":"zenbus:StopArea:SA:564110021:LOC","wheelchair_boarding":"0"}},{"type":"Feature","geometry":{"type":"Point","coordinates":[1.877391,50.865596]},"properties":{"stop_id":"zenbus:StopPoint:SP:5083890022612992:LOC","stop_code":"ANDREE","stop_name":"RUE D'ANDRES","parent_station":"zenbus:StopArea:SA:723800005:LOC","wheelchair_boarding":"0"}},{"type":"Feature","geometry":{"type":"Point","coordinates":[1.878966,50.864094]},"properties":{"stop_id":"zenbus:StopPoint:SP:5175421547053056:LOC","stop_code":"DRAPDE","stop_name":"CAMP DU DRAP D'OR","parent_station":"zenbus:StopArea:SA:579380020:LOC","wheelchair_boarding":"0"}},{"type":"Feature","geometry":{"type":"Point","coordinates":[1.872357,50.864574]},"properties":{"stop_id":"zenbus:StopPoint:SP:6249060426055680:LOC","stop_code":"5CHEME","stop_name":"5 CHEMINS","parent_station":"zenbus:StopArea:SA:579350022:LOC","wheelchair_boarding":"0"}},{"type":"Feature","geometry":{"type":"Point","coordinates":[1.868164,50.865492]},"properties":{"stop_id":"zenbus:StopPoint:SP:5168107419074560:LOC","stop_code":"4VENTE","stop_name":"4 VENTS","parent_station":"zenbus:StopArea:SA:583030022:LOC","wheelchair_boarding":"0"}},{"type":"Feature","geometry":{"type":"Point","coordinates":[1.865148,50.866022]},"properties":{"stop_id":"zenbus:StopPoint:SP:5132694004432896:LOC","stop_code":"MRETRE","stop_name":"MAISON DE RETRAITE","parent_station":"zenbus:StopArea:SA:565020019:LOC","wheelchair_boarding":"0"}},{"type":"Feature","geometry":{"type":"Point","coordinates":[1.860273,50.866358]},"properties":{"stop_id":"zenbus:StopPoint:SP:5144592504586240:LOC","stop_code":"ASSISE","stop_name":"LA BIEN ASSISE","parent_station":"zenbus:StopArea:SA:553840014:LOC","wheelchair_boarding":"0"}},{"type":"Feature","geometry":{"type":"Point","coordinates":[1.805211,50.869777]},"properties":{"stop_id":"zenbus:StopPoint:SP:587070003:LOC","stop_code":"CHFERE","stop_name":"CHEMIN DES FERMES","parent_station":"zenbus:StopArea:SA:729200001:LOC","wheelchair_boarding":"0"}},{"type":"Feature","geometry":{"type":"Point","coordinates":[1.789666,50.872216]},"properties":{"stop_id":"zenbus:StopPoint:SP:5135177703489536:LOC","stop_code":"MPIHEE","stop_name":"MAIRIE P. LES GUINES","parent_station":"zenbus:StopArea:SA:5118374589759488:LOC","wheelchair_boarding":"0"}},{"type":"Feature","geometry":{"type":"Point","coordinates":[1.778677,50.88689]},"properties":{"stop_id":"zenbus:StopPoint:SP:4558038634594304:LOC","stop_code":"BEAURE","stop_name":"BEAUREGARD","parent_station":"zenbus:StopArea:SA:5024060235841536:LOC","wheelchair_boarding":"0"}},{"type":"Feature","geometry":{"type":"Point","coordinates":[1.776262,50.889679]},"properties":{"stop_id":"zenbus:StopPoint:SP:4864513844183040:LOC","stop_code":"MEDIAE","stop_name":"MEDIATHEQUE","parent_station":"zenbus:StopArea:SA:6221923494133760:LOC","wheelchair_boarding":"0"}},{"type":"Feature","geometry":{"type":"Point","coordinates":[1.771541,50.899243]},"properties":{"stop_id":"zenbus:StopPoint:SP:6317985927004160:LOC","stop_code":"IFA20E","stop_name":"IFA 2000","parent_station":"zenbus:StopArea:SA:588870020:LOC","wheelchair_boarding":"0"}},{"type":"Feature","geometry":{"type":"Point","coordinates":[1.764048,50.911526]},"properties":{"stop_id":"zenbus:StopPoint:SP:4806982810730496:LOC","stop_code":"SIMONE","stop_name":"SIMONE VEIL","parent_station":"zenbus:StopArea:SA:5206595701047296:LOC","wheelchair_boarding":"0"}},{"type":"Feature","geometry":{"type":"Point","coordinates":[1.76409,50.914212]},"properties":{"stop_id":"zenbus:StopPoint:SP:4841020158115840:LOC","stop_code":"PEUPLE","stop_name":"PEUPLINGUES-CENTRE","parent_station":"zenbus:StopArea:SA:566180022:LOC","wheelchair_boarding":"0"}},{"type":"Feature","geometry":{"type":"Point","coordinates":[1.768437,50.915064]},"properties":{"stop_id":"zenbus:StopPoint:SP:5089694366826496:LOC","stop_code":"PMAIRE","stop_name":"MAIRIE PEUPLINGUES","parent_station":"zenbus:StopArea:SA:5176315267252224:LOC","wheelchair_boarding":"0"}},{"type":"Feature","geometry":{"type":"Point","coordinates":[1.78612,50.916601]},"properties":{"stop_id":"zenbus:StopPoint:SP:6261077610332160:LOC","stop_code":"TUNE","stop_name":"TUNNEL","parent_station":"zenbus:StopArea:SA:6308587330600960:LOC","wheelchair_boarding":"0"}},{"type":"Feature","geometry":{"type":"Point","coordinates":[1.802256,50.921575]},"properties":{"stop_id":"zenbus:StopPoint:SP:4867488924827648:LOC","stop_code":"LONGUE","stop_name":"LONGUES PIECES","parent_station":"zenbus:StopArea:SA:4990931452297216:LOC","wheelchair_boarding":"0"}},{"type":"Feature","geometry":{"type":"Point","coordinates":[1.811311,50.933891]},"properties":{"stop_id":"zenbus:StopPoint:SP:6280595216793600:LOC","stop_code":"EUR13W","stop_name":"CITE EUROPE","parent_station":"zenbus:StopArea:SA:2810051:LOC","wheelchair_boarding":"0"}},{"type":"Feature","geometry":{"type":"Point","coordinates":[1.837933,50.940464]},"properties":{"stop_id":"zenbus:StopPoint:SP:6306299706867712:LOC","stop_code":"RNEUVE","stop_name":"RIVIERE NEUVE","parent_station":"zenbus:StopArea:SA:561160015:LOC","wheelchair_boarding":"0"}},{"type":"Feature","geometry":{"type":"Point","coordinates":[1.843703,50.950606]},"properties":{"stop_id":"zenbus:StopPoint:SP:6149960142684160:LOC","stop_code":"QUINEE","stop_name":"EDGAR QUINET","parent_station":"zenbus:StopArea:SA:6431435119394816:LOC","wheelchair_boarding":"0"}},{"type":"Feature","geometry":{"type":"Point","coordinates":[1.848809,50.954097]},"properties":{"stop_id":"zenbus:StopPoint:SP:720870007:LOC","stop_code":"PEMQUJ","stop_name":"GARE","parent_station":"zenbus:StopArea:SA:702180002:LOC","wheelchair_boarding":"0"}},{"type":"Feature","geometry":{"type":"Point","coordinates":[1.849524,50.95391]},"properties":{"stop_id":"zenbus:StopPoint:SP:766190005:LOC","stop_code":"PEMQRE","stop_name":"GARE","parent_station":"zenbus:StopArea:SA:702180002:LOC","wheelchair_boarding":"0"}},{"type":"Feature","geometry":{"type":"Point","coordinates":[1.835329,50.923672]},"properties":{"stop_id":"zenbus:StopPoint:SP:6213929069969408:LOC","stop_code":"MARAIW","stop_name":"MARAIS DE COQUELLES","parent_station":"zenbus:StopArea:SA:564120023:LOC","wheelchair_boarding":"0"}},{"type":"Feature","geometry":{"type":"Point","coordinates":[1.827767,50.920043]},"properties":{"stop_id":"zenbus:StopPoint:SP:6228406179987456:LOC","stop_code":"RIVIEW","stop_name":"PONT RIVIERE D'HAMES","parent_station":"zenbus:StopArea:SA:5182687423758336:LOC","wheelchair_boarding":"0"}},{"type":"Feature","geometry":{"type":"Point","coordinates":[1.82406,50.916914]},"properties":{"stop_id":"zenbus:StopPoint:SP:6261057863548928:LOC","stop_code":"EGLIFW","stop_name":"EGLISE DE FRETHUN","parent_station":"zenbus:StopArea:SA:561900030:LOC","wheelchair_boarding":"0"}},{"type":"Feature","geometry":{"type":"Point","coordinates":[1.815928,50.912872]},"properties":{"stop_id":"zenbus:StopPoint:SP:5432435544162304:LOC","stop_code":"MAIRFW","stop_name":"MAIRIE DE FRETHUN","parent_station":"zenbus:StopArea:SA:572170018:LOC","wheelchair_boarding":"0"}},{"type":"Feature","geometry":{"type":"Point","coordinates":[1.810576,50.909865]},"properties":{"stop_id":"zenbus:StopPoint:SP:5103694720794624:LOC","stop_code":"RESCOW","stop_name":"RESIDENCE LES COQUELICOTS","parent_station":"zenbus:StopArea:SA:6317928683143168:LOC","wheelchair_boarding":"0"}},{"type":"Feature","geometry":{"type":"Point","coordinates":[1.811678,50.906012]},"properties":{"stop_id":"zenbus:StopPoint:SP:5141611631607808:LOC","stop_code":"LEDUCW","stop_name":"LEDUCQ","parent_station":"zenbus:StopArea:SA:5204024150196224:LOC","wheelchair_boarding":"0"}},{"type":"Feature","geometry":{"type":"Point","coordinates":[1.815086,50.904069]},"properties":{"stop_id":"zenbus:StopPoint:SP:4894570914512896:LOC","stop_code":"GARETW","stop_name":"GARE TGV FRETHUN","parent_station":"zenbus:StopArea:SA:6604182311141376:LOC","wheelchair_boarding":"0"}},{"type":"Feature","geometry":{"type":"Point","coordinates":[1.82563,50.908342]},"properties":{"stop_id":"zenbus:StopPoint:SP:5932564722221056:LOC","stop_code":"EGLNIW","stop_name":"EGLISE DE NIELLES","parent_station":"zenbus:StopArea:SA:721830001:LOC","wheelchair_boarding":"0"}},{"type":"Feature","geometry":{"type":"Point","coordinates":[1.83121,50.893694]},"properties":{"stop_id":"zenbus:StopPoint:SP:4837815374315520:LOC","stop_code":"MAISTW","stop_name":"MAIRIE DE SAINT TRICAT","parent_station":"zenbus:StopArea:SA:725630003:LOC","wheelchair_boarding":"0"}},{"type":"Feature","geometry":{"type":"Point","coordinates":[1.844307,50.881267]},"properties":{"stop_id":"zenbus:StopPoint:SP:6248395041669120:LOC","stop_code":"BOURRW","stop_name":"BOURRELIER","parent_station":"zenbus:StopArea:SA:550760016:LOC","wheelchair_boarding":"0"}},{"type":"Feature","geometry":{"type":"Point","coordinates":[1.843447,50.88216]},"properties":{"stop_id":"zenbus:StopPoint:SP:6276257752809472:LOC","stop_code":"BOURRE","stop_name":"BOURRELIER","parent_station":"zenbus:StopArea:SA:550760016:LOC","wheelchair_boarding":"0"}},{"type":"Feature","geometry":{"type":"Point","coordinates":[1.831258,50.893619]},"properties":{"stop_id":"zenbus:StopPoint:SP:5194306988015616:LOC","stop_code":"MAISTE","stop_name":"MAIRIE DE SAINT TRICAT","parent_station":"zenbus:StopArea:SA:725630003:LOC","wheelchair_boarding":"0"}},{"type":"Feature","geometry":{"type":"Point","coordinates":[1.826419,50.908195]},"properties":{"stop_id":"zenbus:StopPoint:SP:6046183954841600:LOC","stop_code":"EGLNIE","stop_name":"EGLISE DE NIELLES","parent_station":"zenbus:StopArea:SA:721830001:LOC","wheelchair_boarding":"0"}},{"type":"Feature","geometry":{"type":"Point","coordinates":[1.815138,50.904108]},"properties":{"stop_id":"zenbus:StopPoint:SP:4795777003028480:LOC","stop_code":"GARETE","stop_name":"GARE TGV FRETHUN","parent_station":"zenbus:StopArea:SA:6604182311141376:LOC","wheelchair_boarding":"0"}},{"type":"Feature","geometry":{"type":"Point","coordinates":[1.811737,50.906034]},"properties":{"stop_id":"zenbus:StopPoint:SP:6010963276857344:LOC","stop_code":"LEDUCE","stop_name":"LEDUCQ","parent_station":"zenbus:StopArea:SA:5204024150196224:LOC","wheelchair_boarding":"0"}},{"type":"Feature","geometry":{"type":"Point","coordinates":[1.810627,50.909805]},"properties":{"stop_id":"zenbus:StopPoint:SP:6221783155867648:LOC","stop_code":"RESCOE","stop_name":"RESIDENCE LES COQUELICOTS","parent_station":"zenbus:StopArea:SA:6317928683143168:LOC","wheelchair_boarding":"0"}},{"type":"Feature","geometry":{"type":"Point","coordinates":[1.815906,50.912783]},"properties":{"stop_id":"zenbus:StopPoint:SP:5189304609406976:LOC","stop_code":"MAIRFE","stop_name":"MAIRIE DE FRETHUN","parent_station":"zenbus:StopArea:SA:572170018:LOC","wheelchair_boarding":"0"}},{"type":"Feature","geometry":{"type":"Point","coordinates":[1.824169,50.917237]},"properties":{"stop_id":"zenbus:StopPoint:SP:4806664815378432:LOC","stop_code":"EGLIFE","stop_name":"EGLISE DE FRETHUN","parent_station":"zenbus:StopArea:SA:561900030:LOC","wheelchair_boarding":"0"}},{"type":"Feature","geometry":{"type":"Point","coordinates":[1.827653,50.919885]},"properties":{"stop_id":"zenbus:StopPoint:SP:5069542080380928:LOC","stop_code":"RIVIEE","stop_name":"PONT RIVIERE D'HAMES","parent_station":"zenbus:StopArea:SA:5182687423758336:LOC","wheelchair_boarding":"0"}},{"type":"Feature","geometry":{"type":"Point","coordinates":[1.835852,50.923806]},"properties":{"stop_id":"zenbus:StopPoint:SP:4878511649062912:LOC","stop_code":"MARAIE","stop_name":"MARAIS DE COQUELLES","parent_station":"zenbus:StopArea:SA:564120023:LOC","wheelchair_boarding":"0"}},{"type":"Feature","geometry":{"type":"Point","coordinates":[1.854634,50.928281]},"properties":{"stop_id":"zenbus:StopPoint:SP:6255112102084608:LOC","stop_code":"PAQUEE","stop_name":"PAQUETTE","parent_station":"zenbus:StopArea:SA:30960053:LOC","wheelchair_boarding":"0"}},{"type":"Feature","geometry":{"type":"Point","coordinates":[1.848772,50.954101]},"properties":{"stop_id":"zenbus:StopPoint:SP:791100002:LOC","stop_code":"PEMQRJ","stop_name":"GARE","parent_station":"zenbus:StopArea:SA:702180002:LOC","wheelchair_boarding":"0"}},{"type":"Feature","geometry":{"type":"Point","coordinates":[1.843643,50.950601]},"properties":{"stop_id":"zenbus:StopPoint:SP:4676718278213632:LOC","stop_code":"QUINEW","stop_name":"EDGAR QUINET","parent_station":"zenbus:StopArea:SA:6431435119394816:LOC","wheelchair_boarding":"0"}},{"type":"Feature","geometry":{"type":"Point","coordinates":[1.837709,50.940507]},"properties":{"stop_id":"zenbus:StopPoint:SP:5136849905385472:LOC","stop_code":"RNEUVW","stop_name":"RIVIERE NEUVE","parent_station":"zenbus:StopArea:SA:561160015:LOC","wheelchair_boarding":"0"}},{"type":"Feature","geometry":{"type":"Point","coordinates":[1.802205,50.921616]},"properties":{"stop_id":"zenbus:StopPoint:SP:6383015648296960:LOC","stop_code":"LONGUW","stop_name":"LONGUES PIECES","parent_station":"zenbus:StopArea:SA:4990931452297216:LOC","wheelchair_boarding":"0"}},{"type":"Feature","geometry":{"type":"Point","coordinates":[1.786243,50.916691]},"properties":{"stop_id":"zenbus:StopPoint:SP:6214169705578496:LOC","stop_code":"TUNW","stop_name":"TUNNEL","parent_station":"zenbus:StopArea:SA:6308587330600960:LOC","wheelchair_boarding":"0"}},{"type":"Feature","geometry":{"type":"Point","coordinates":[1.768511,50.915129]},"properties":{"stop_id":"zenbus:StopPoint:SP:5121222689947648:LOC","stop_code":"PMAIRW","stop_name":"MAIRIE PEUPLINGUES","parent_station":"zenbus:StopArea:SA:5176315267252224:LOC","wheelchair_boarding":"0"}},{"type":"Feature","geometry":{"type":"Point","coordinates":[1.764624,50.914317]},"properties":{"stop_id":"zenbus:StopPoint:SP:6210783677513728:LOC","stop_code":"PEUPLW","stop_name":"PEUPLINGUES-CENTRE","parent_station":"zenbus:StopArea:SA:566180022:LOC","wheelchair_boarding":"0"}},{"type":"Feature","geometry":{"type":"Point","coordinates":[1.763965,50.911579]},"properties":{"stop_id":"zenbus:StopPoint:SP:5155789050216448:LOC","stop_code":"SIMONW","stop_name":"SIMONE VEIL","parent_station":"zenbus:StopArea:SA:5206595701047296:LOC","wheelchair_boarding":"0"}},{"type":"Feature","geometry":{"type":"Point","coordinates":[1.771449,50.899181]},"properties":{"stop_id":"zenbus:StopPoint:SP:720900009:LOC","stop_code":"IFA20W","stop_name":"IFA 2000","parent_station":"zenbus:StopArea:SA:588870020:LOC","wheelchair_boarding":"0"}},{"type":"Feature","geometry":{"type":"Point","coordinates":[1.775407,50.889926]},"properties":{"stop_id":"zenbus:StopPoint:SP:5091090582470656:LOC","stop_code":"MEDIAW","stop_name":"MEDIATHEQUE","parent_station":"zenbus:StopArea:SA:6221923494133760:LOC","wheelchair_boarding":"0"}},{"type":"Feature","geometry":{"type":"Point","coordinates":[1.779301,50.887208]},"properties":{"stop_id":"zenbus:StopPoint:SP:5159503203926016:LOC","stop_code":"BEAURW","stop_name":"BEAUREGARD","parent_station":"zenbus:StopArea:SA:5024060235841536:LOC","wheelchair_boarding":"0"}},{"type":"Feature","geometry":{"type":"Point","coordinates":[1.789265,50.87216]},"properties":{"stop_id":"zenbus:StopPoint:SP:5079430219169792:LOC","stop_code":"MPIHEW","stop_name":"MAIRIE P. LES GUINES","parent_station":"zenbus:StopArea:SA:5118374589759488:LOC","wheelchair_boarding":"0"}},{"type":"Feature","geometry":{"type":"Point","coordinates":[1.805411,50.869646]},"properties":{"stop_id":"zenbus:StopPoint:SP:6048449080328192:LOC","stop_code":"CHFERW","stop_name":"CHEMIN DES FERMES","parent_station":"zenbus:StopArea:SA:729200001:LOC","wheelchair_boarding":"0"}},{"type":"Feature","geometry":{"type":"Point","coordinates":[1.885436,50.862352]},"properties":{"stop_id":"zenbus:StopPoint:SP:4850238578753536:LOC","stop_code":"ZACGUE","stop_name":"ZAC DE GUINES","parent_station":"zenbus:StopArea:SA:4861338284195840:LOC","wheelchair_boarding":"0"}},{"type":"Feature","geometry":{"type":"Point","coordinates":[1.890365,50.963333]},"properties":{"stop_id":"zenbus:StopPoint:SP:6292345442009088:LOC","stop_code":"ROUTEE","stop_name":"ROUTE DE GRAVELINES","parent_station":"zenbus:StopArea:SA:717910004:LOC","wheelchair_boarding":"0"}},{"type":"Feature","geometry":{"type":"Point","coordinates":[1.900865,50.96478]},"properties":{"stop_id":"zenbus:StopPoint:SP:5147373531561984:LOC","stop_code":"MOUETE","stop_name":"LES MOUETTES","parent_station":"zenbus:StopArea:SA:579350023:LOC","wheelchair_boarding":"0"}},{"type":"Feature","geometry":{"type":"Point","coordinates":[1.905957,50.965384]},"properties":{"stop_id":"zenbus:StopPoint:SP:6231118737047552:LOC","stop_code":"MOULIE","stop_name":"MOULIN ROUGE","parent_station":"zenbus:StopArea:SA:714180003:LOC","wheelchair_boarding":"0"}},{"type":"Feature","geometry":{"type":"Point","coordinates":[1.91407,50.966145]},"properties":{"stop_id":"zenbus:StopPoint:SP:5206045234298880:LOC","stop_code":"FERMEE","stop_name":"FERME EQUESTRE","parent_station":"zenbus:StopArea:SA:577440018:LOC","wheelchair_boarding":"0"}},{"type":"Feature","geometry":{"type":"Point","coordinates":[1.925661,50.967212]},"properties":{"stop_id":"zenbus:StopPoint:SP:6193357384581120:LOC","stop_code":"FORTVE","stop_name":"FORT VERT","parent_station":"zenbus:StopArea:SA:22760060:LOC","wheelchair_boarding":"0"}},{"type":"Feature","geometry":{"type":"Point","coordinates":[1.935751,50.967782]},"properties":{"stop_id":"zenbus:StopPoint:SP:6264296956755968:LOC","stop_code":"LAUREE","stop_name":"LAURE","parent_station":"zenbus:StopArea:SA:568180032:LOC","wheelchair_boarding":"0"}},{"type":"Feature","geometry":{"type":"Point","coordinates":[1.939991,50.968194]},"properties":{"stop_id":"zenbus:StopPoint:SP:570820016:LOC","stop_code":"FVEGLE","stop_name":"EGLISE DU FORT VERT","parent_station":"zenbus:StopArea:SA:715950004:LOC","wheelchair_boarding":"0"}},{"type":"Feature","geometry":{"type":"Point","coordinates":[1.975195,50.985678]},"properties":{"stop_id":"zenbus:StopPoint:SP:5144908891422720:LOC","stop_code":"CHARCW","stop_name":"CHARCOT","parent_station":"","wheelchair_boarding":"0"}},{"type":"Feature","geometry":{"type":"Point","coordinates":[1.892101,50.95271]},"properties":{"stop_id":"zenbus:StopPoint:SP:6276684179308544:LOC","stop_code":"CCMIE2","stop_name":"CENTRE CIAL MI-VOIX","parent_station":"zenbus:StopArea:SA:723800002:LOC","wheelchair_boarding":"0"}},{"type":"Feature","geometry":{"type":"Point","coordinates":[1.888523,50.953879]},"properties":{"stop_id":"zenbus:StopPoint:SP:5144195389980672:LOC","stop_code":"MLKW","stop_name":"MARTIN LUTHER KING","parent_station":"","wheelchair_boarding":"0"}},{"type":"Feature","geometry":{"type":"Point","coordinates":[1.882421,50.952783]},"properties":{"stop_id":"zenbus:StopPoint:SP:6213359181496320:LOC","stop_code":"RESTOW","stop_name":"RESTO U","parent_station":"","wheelchair_boarding":"0"}},{"type":"Feature","geometry":{"type":"Point","coordinates":[1.878401,50.952124]},"properties":{"stop_id":"zenbus:StopPoint:SP:5088457787441152:LOC","stop_code":"UFRW","stop_name":"UFR","parent_station":"","wheelchair_boarding":"0"}},{"type":"Feature","geometry":{"type":"Point","coordinates":[1.86052,50.953347]},"properties":{"stop_id":"zenbus:StopPoint:SP:5136914145345536:LOC","stop_code":"CPAMW","stop_name":"CPAM","parent_station":"","wheelchair_boarding":"0"}},{"type":"Feature","geometry":{"type":"Point","coordinates":[1.853462,50.953202]},"properties":{"stop_id":"zenbus:StopPoint:SP:4802415045902336:LOC","stop_code":"HVILEW","stop_name":"HOTEL DE VILLE","parent_station":"zenbus:StopArea:SA:680200001:LOC","wheelchair_boarding":"0"}},{"type":"Feature","geometry":{"type":"Point","coordinates":[1.850352,50.954021]},"properties":{"stop_id":"zenbus:StopPoint:SP:700640010:LOC","stop_code":"PEMQUA","stop_name":"GARE","parent_station":"zenbus:StopArea:SA:702180002:LOC","wheelchair_boarding":"0"}},{"type":"Feature","geometry":{"type":"Point","coordinates":[1.828748,50.949581]},"properties":{"stop_id":"zenbus:StopPoint:SP:5201961609592832:LOC","stop_code":"AJACIW","stop_name":"AJACCIO","parent_station":"zenbus:StopArea:SA:4906481871749120:LOC","wheelchair_boarding":"0"}},{"type":"Feature","geometry":{"type":"Point","coordinates":[1.828357,50.948036]},"properties":{"stop_id":"zenbus:StopPoint:SP:5160269640630272:LOC","stop_code":"WAROCW","stop_name":"WAROCQUIER","parent_station":"","wheelchair_boarding":"0"}},{"type":"Feature","geometry":{"type":"Point","coordinates":[1.825819,50.948053]},"properties":{"stop_id":"zenbus:StopPoint:SP:5085844501168128:LOC","stop_code":"TURPIW","stop_name":"TURPIN","parent_station":"","wheelchair_boarding":"0"}},{"type":"Feature","geometry":{"type":"Point","coordinates":[1.824559,50.946323]},"properties":{"stop_id":"zenbus:StopPoint:SP:5107556970135552:LOC","stop_code":"LAMBEW","stop_name":"ALEXANDRE LAMBERT","parent_station":"","wheelchair_boarding":"0"}},{"type":"Feature","geometry":{"type":"Point","coordinates":[1.823249,50.944862]},"properties":{"stop_id":"zenbus:StopPoint:SP:5129601330184192:LOC","stop_code":"PPAR4W","stop_name":"PORTE DE PARIS","parent_station":"zenbus:StopArea:SA:556120001:LOC","wheelchair_boarding":"0"}},{"type":"Feature","geometry":{"type":"Point","coordinates":[1.832856,50.959646]},"properties":{"stop_id":"zenbus:StopPoint:SP:5151551310004224:LOC","stop_code":"ASFELW","stop_name":"ASFELD","parent_station":"zenbus:StopArea:SA:5124397805338624:LOC","wheelchair_boarding":"0"}},{"type":"Feature","geometry":{"type":"Point","coordinates":[1.843802,50.96588]},"properties":{"stop_id":"zenbus:StopPoint:SP:5177732709220352:LOC","stop_code":"PLUVIW","stop_name":"PLUVIOSE","parent_station":"zenbus:StopArea:SA:588870017:LOC","wheelchair_boarding":"0"}},{"type":"Feature","geometry":{"type":"Point","coordinates":[1.841815,50.963805]},"properties":{"stop_id":"zenbus:StopPoint:SP:6303725427621888:LOC","stop_code":"AUBERW","stop_name":"AUBERGE DE JEUNESSE","parent_station":"zenbus:StopArea:SA:686640003:LOC","wheelchair_boarding":"0"}},{"type":"Feature","geometry":{"type":"Point","coordinates":[1.837533,50.962534]},"properties":{"stop_id":"zenbus:StopPoint:SP:6306317379567616:LOC","stop_code":"JVIENW","stop_name":"JEAN DE VIENNE","parent_station":"zenbus:StopArea:SA:564090018:LOC","wheelchair_boarding":"0"}},{"type":"Feature","geometry":{"type":"Point","coordinates":[1.832383,50.962217]},"properties":{"stop_id":"zenbus:StopPoint:SP:5086060927254528:LOC","stop_code":"MILIEW","stop_name":"MILIEU DE DIGUE","parent_station":"zenbus:StopArea:SA:572170017:LOC","wheelchair_boarding":"0"}},{"type":"Feature","geometry":{"type":"Point","coordinates":[1.82851,50.960803]},"properties":{"stop_id":"zenbus:StopPoint:SP:266490003:LOC","stop_code":"EXTREW","stop_name":"EXTREMITE DE DIGUE","parent_station":"zenbus:StopArea:SA:736940007:LOC","wheelchair_boarding":"0"}},{"type":"Feature","geometry":{"type":"Point","coordinates":[1.97141,50.984138]},"properties":{"stop_id":"zenbus:StopPoint:SP:5067457477738496:LOC","stop_code":"PALOMW","stop_name":"PALOMINOS","parent_station":"","wheelchair_boarding":"0"}},{"type":"Feature","geometry":{"type":"Point","coordinates":[1.96729,50.982458]},"properties":{"stop_id":"zenbus:StopPoint:SP:5183647869042688:LOC","stop_code":"HEMGLW","stop_name":"EGLISE DES HEMMES","parent_station":"","wheelchair_boarding":"0"}},{"type":"Feature","geometry":{"type":"Point","coordinates":[1.963064,50.980558]},"properties":{"stop_id":"zenbus:StopPoint:SP:6243484954525696:LOC","stop_code":"MAGELW","stop_name":"MAGELLAN","parent_station":"","wheelchair_boarding":"0"}},{"type":"Feature","geometry":{"type":"Point","coordinates":[1.958448,50.979987]},"properties":{"stop_id":"zenbus:StopPoint:SP:4818405477580800:LOC","stop_code":"ISLANW","stop_name":"ISLANDAIS","parent_station":"","wheelchair_boarding":"0"}},{"type":"Feature","geometry":{"type":"Point","coordinates":[1.951102,50.976783]},"properties":{"stop_id":"zenbus:StopPoint:SP:6197116756033536:LOC","stop_code":"HEMMEW","stop_name":"HEMMES DE MARCK","parent_station":"","wheelchair_boarding":"0"}},{"type":"Feature","geometry":{"type":"Point","coordinates":[1.945056,50.972441]},"properties":{"stop_id":"zenbus:StopPoint:SP:6301321453895680:LOC","stop_code":"BOISCW","stop_name":"BOIS CHARDEAU","parent_station":"","wheelchair_boarding":"0"}},{"type":"Feature","geometry":{"type":"Point","coordinates":[1.940042,50.968247]},"properties":{"stop_id":"zenbus:StopPoint:SP:5097748523122688:LOC","stop_code":"FVEGLW","stop_name":"EGLISE DU FORT VERT","parent_station":"zenbus:StopArea:SA:715950004:LOC","wheelchair_boarding":"0"}},{"type":"Feature","geometry":{"type":"Point","coordinates":[1.93559,50.96781]},"properties":{"stop_id":"zenbus:StopPoint:SP:4922549173485568:LOC","stop_code":"LAUREW","stop_name":"LAURE","parent_station":"zenbus:StopArea:SA:568180032:LOC","wheelchair_boarding":"0"}},{"type":"Feature","geometry":{"type":"Point","coordinates":[1.926125,50.967237]},"properties":{"stop_id":"zenbus:StopPoint:SP:5132549653266432:LOC","stop_code":"FORTVW","stop_name":"FORT VERT","parent_station":"zenbus:StopArea:SA:22760060:LOC","wheelchair_boarding":"0"}},{"type":"Feature","geometry":{"type":"Point","coordinates":[1.914093,50.966181]},"properties":{"stop_id":"zenbus:StopPoint:SP:5180129569406976:LOC","stop_code":"FERMEW","stop_name":"FERME EQUESTRE","parent_station":"zenbus:StopArea:SA:577440018:LOC","wheelchair_boarding":"0"}},{"type":"Feature","geometry":{"type":"Point","coordinates":[1.905693,50.965419]},"properties":{"stop_id":"zenbus:StopPoint:SP:4807241786982400:LOC","stop_code":"MOULIW","stop_name":"MOULIN ROUGE","parent_station":"zenbus:StopArea:SA:714180003:LOC","wheelchair_boarding":"0"}},{"type":"Feature","geometry":{"type":"Point","coordinates":[1.901444,50.964942]},"properties":{"stop_id":"zenbus:StopPoint:SP:5145660242264064:LOC","stop_code":"MOUETW","stop_name":"LES MOUETTES","parent_station":"zenbus:StopArea:SA:579350023:LOC","wheelchair_boarding":"0"}},{"type":"Feature","geometry":{"type":"Point","coordinates":[1.890972,50.963488]},"properties":{"stop_id":"zenbus:StopPoint:SP:5136465723916288:LOC","stop_code":"ROUTEW","stop_name":"ROUTE DE GRAVELINES","parent_station":"zenbus:StopArea:SA:717910004:LOC","wheelchair_boarding":"0"}},{"type":"Feature","geometry":{"type":"Point","coordinates":[1.881846,50.960036]},"properties":{"stop_id":"zenbus:StopPoint:SP:5067848051326976:LOC","stop_code":"LANGEE","stop_name":"LANGEVIN","parent_station":"zenbus:StopArea:SA:550740022:LOC","wheelchair_boarding":"0"}},{"type":"Feature","geometry":{"type":"Point","coordinates":[1.883793,50.957109]},"properties":{"stop_id":"zenbus:StopPoint:SP:5106013667590144:LOC","stop_code":"GRANDE","stop_name":"GRANDE RUE","parent_station":"zenbus:StopArea:SA:704350003:LOC","wheelchair_boarding":"0"}},{"type":"Feature","geometry":{"type":"Point","coordinates":[1.88548,50.956174]},"properties":{"stop_id":"zenbus:StopPoint:SP:6214039698931712:LOC","stop_code":"MDUGAE","stop_name":"MARTIN DU GARD","parent_station":"zenbus:StopArea:SA:880042:LOC","wheelchair_boarding":"0"}},{"type":"Feature","geometry":{"type":"Point","coordinates":[1.889952,50.956631]},"properties":{"stop_id":"zenbus:StopPoint:SP:5097812763082752:LOC","stop_code":"CALYPE","stop_name":"CALYPSO","parent_station":"zenbus:StopArea:SA:708710002:LOC","wheelchair_boarding":"0"}},{"type":"Feature","geometry":{"type":"Point","coordinates":[1.893935,50.95705]},"properties":{"stop_id":"zenbus:StopPoint:SP:5199207545700352:LOC","stop_code":"FPASSE","stop_name":"FREDERIC PASSY","parent_station":"zenbus:StopArea:SA:703760002:LOC","wheelchair_boarding":"0"}},{"type":"Feature","geometry":{"type":"Point","coordinates":[1.898156,50.956754]},"properties":{"stop_id":"zenbus:StopPoint:SP:561900033:LOC","stop_code":"PISCIE","stop_name":"PISCINE ICEO","parent_station":"zenbus:StopArea:SA:573750023:LOC","wheelchair_boarding":"0"}},{"type":"Feature","geometry":{"type":"Point","coordinates":[1.898156,50.953688]},"properties":{"stop_id":"zenbus:StopPoint:SP:5066922552983552:LOC","stop_code":"MOUCHE","stop_name":"MOUCHOTTE","parent_station":"zenbus:StopArea:SA:26810047:LOC","wheelchair_boarding":"0"}},{"type":"Feature","geometry":{"type":"Point","coordinates":[1.89586,50.952898]},"properties":{"stop_id":"zenbus:StopPoint:SP:5150477987610624:LOC","stop_code":"GAGARE","stop_name":"GAGARINE","parent_station":"zenbus:StopArea:SA:32870044:LOC","wheelchair_boarding":"0"}},{"type":"Feature","geometry":{"type":"Point","coordinates":[1.898166,50.94446]},"properties":{"stop_id":"zenbus:StopPoint:SP:4913950319706112:LOC","stop_code":"BMARAE","stop_name":"BEAU MARAIS","parent_station":"zenbus:StopArea:SA:577440015:LOC","wheelchair_boarding":"0"}},{"type":"Feature","geometry":{"type":"Point","coordinates":[1.897227,50.941124]},"properties":{"stop_id":"zenbus:StopPoint:SP:5069589643788288:LOC","stop_code":"CLINIE","stop_name":"CLINIQUES DU VIRVAL","parent_station":"zenbus:StopArea:SA:731170001:LOC","wheelchair_boarding":"0"}},{"type":"Feature","geometry":{"type":"Point","coordinates":[1.892812,50.940635]},"properties":{"stop_id":"zenbus:StopPoint:SP:720900002:LOC","stop_code":"HOPITE","stop_name":"HOPITAL","parent_station":"zenbus:StopArea:SA:583040018:LOC","wheelchair_boarding":"0"}},{"type":"Feature","geometry":{"type":"Point","coordinates":[1.877825,50.973566]},"properties":{"stop_id":"zenbus:StopPoint:SP:6259890454528000:LOC","stop_code":"TTRANE","stop_name":"TERMINAL FERRY","parent_station":"zenbus:StopArea:SA:5095883249025024:LOC","wheelchair_boarding":"0"}},{"type":"Feature","geometry":{"type":"Point","coordinates":[1.875567,50.970496]},"properties":{"stop_id":"zenbus:StopPoint:SP:5126583272603648:LOC","stop_code":"ENTREE","stop_name":"ENTREE PORTUAIRE","parent_station":"zenbus:StopArea:SA:5102880740605952:LOC","wheelchair_boarding":"0"}},{"type":"Feature","geometry":{"type":"Point","coordinates":[1.861943,50.964946]},"properties":{"stop_id":"zenbus:StopPoint:SP:6028072799174656:LOC","stop_code":"COUSTE","stop_name":"COUSTEAU","parent_station":"zenbus:StopArea:SA:722820002:LOC","wheelchair_boarding":"0"}},{"type":"Feature","geometry":{"type":"Point","coordinates":[1.85383,50.962337]},"properties":{"stop_id":"zenbus:StopPoint:SP:5139475824902144:LOC","stop_code":"PLEURE","stop_name":"PLACE DE L'EUROPE","parent_station":"zenbus:StopArea:SA:711080003:LOC","wheelchair_boarding":"0"}},{"type":"Feature","geometry":{"type":"Point","coordinates":[1.850987,50.962199]},"properties":{"stop_id":"zenbus:StopPoint:SP:5070735544418304:LOC","stop_code":"MATELE","stop_name":"MATELOTE","parent_station":"zenbus:StopArea:SA:721760006:LOC","wheelchair_boarding":"0"}},{"type":"Feature","geometry":{"type":"Point","coordinates":[1.850877,50.961093]},"properties":{"stop_id":"zenbus:StopPoint:SP:5170452477509632:LOC","stop_code":"CCIBAE","stop_name":"CCI","parent_station":"zenbus:StopArea:SA:727410002:LOC","wheelchair_boarding":"0"}},{"type":"Feature","geometry":{"type":"Point","coordinates":[1.848819,50.959659]},"properties":{"stop_id":"zenbus:StopPoint:SP:4860670774345728:LOC","stop_code":"PARMEE","stop_name":"PLACE D'ARMES","parent_station":"zenbus:StopArea:SA:577430016:LOC","wheelchair_boarding":"0"}},{"type":"Feature","geometry":{"type":"Point","coordinates":[1.849451,50.95726]},"properties":{"stop_id":"zenbus:StopPoint:SP:5194008286461952:LOC","stop_code":"ROYALE","stop_name":"ROYALE","parent_station":"zenbus:StopArea:SA:721760007:LOC","wheelchair_boarding":"0"}},{"type":"Feature","geometry":{"type":"Point","coordinates":[1.850027,50.955659]},"properties":{"stop_id":"zenbus:StopPoint:SP:680180008:LOC","stop_code":"RICHEE","stop_name":"RICHELIEU","parent_station":"zenbus:StopArea:SA:706710017:LOC","wheelchair_boarding":"0"}},{"type":"Feature","geometry":{"type":"Point","coordinates":[1.850913,50.953904]},"properties":{"stop_id":"zenbus:StopPoint:SP:5197012733526016:LOC","stop_code":"GARESW","stop_name":"GARE SNCF","parent_station":"zenbus:StopArea:SA:12780053:LOC","wheelchair_boarding":"0"}},{"type":"Feature","geometry":{"type":"Point","coordinates":[1.853984,50.947984]},"properties":{"stop_id":"zenbus:StopPoint:SP:720860008:LOC","stop_code":"COEURE","stop_name":"COEUR DE VIE","parent_station":"zenbus:StopArea:SA:680150003:LOC","wheelchair_boarding":"0"}},{"type":"Feature","geometry":{"type":"Point","coordinates":[1.863399,50.947349]},"properties":{"stop_id":"zenbus:StopPoint:SP:5146250129178624:LOC","stop_code":"QCOMMW","stop_name":"QUAI DU COMMERCE","parent_station":"","wheelchair_boarding":"0"}},{"type":"Feature","geometry":{"type":"Point","coordinates":[1.834892,50.956109]},"properties":{"stop_id":"zenbus:StopPoint:SP:4859687917846528:LOC","stop_code":"LCOUBE","stop_name":"LYCEE COUBERTIN","parent_station":"zenbus:StopArea:SA:552000022:LOC","wheelchair_boarding":"0"}},{"type":"Feature","geometry":{"type":"Point","coordinates":[1.872791,50.921664]},"properties":{"stop_id":"zenbus:StopPoint:SP:720860002:LOC","stop_code":"2TROUE","stop_name":"PONT DE 2 TROUS","parent_station":"zenbus:StopArea:SA:566900018:LOC","wheelchair_boarding":"0"}},{"type":"Feature","geometry":{"type":"Point","coordinates":[1.873104,50.917548]},"properties":{"stop_id":"zenbus:StopPoint:SP:5150960567451648:LOC","stop_code":"HERMIE","stop_name":"L'HERMITAGE","parent_station":"zenbus:StopArea:SA:561890021:LOC","wheelchair_boarding":"0"}},{"type":"Feature","geometry":{"type":"Point","coordinates":[1.874388,50.91254]},"properties":{"stop_id":"zenbus:StopPoint:SP:5165131543609344:LOC","stop_code":"TOURNE","stop_name":"PLANCHE TOURNOIRE","parent_station":"zenbus:StopArea:SA:575980024:LOC","wheelchair_boarding":"0"}},{"type":"Feature","geometry":{"type":"Point","coordinates":[1.878216,50.908646]},"properties":{"stop_id":"zenbus:StopPoint:SP:5142145751056384:LOC","stop_code":"BARBIE","stop_name":"MEUBLES BARBIER","parent_station":"zenbus:StopArea:SA:540180025:LOC","wheelchair_boarding":"0"}},{"type":"Feature","geometry":{"type":"Point","coordinates":[1.881483,50.904861]},"properties":{"stop_id":"zenbus:StopPoint:SP:5099880454291456:LOC","stop_code":"ECLUSE","stop_name":"ECLUSE CARREE","parent_station":"zenbus:StopArea:SA:581280023:LOC","wheelchair_boarding":"0"}},{"type":"Feature","geometry":{"type":"Point","coordinates":[1.88258,50.896524]},"properties":{"stop_id":"zenbus:StopPoint:SP:6276860474294272:LOC","stop_code":"OEILLE","stop_name":"OEILLETS BLANCS","parent_station":"zenbus:StopArea:SA:588890007:LOC","wheelchair_boarding":"0"}},{"type":"Feature","geometry":{"type":"Point","coordinates":[1.880704,50.891442]},"properties":{"stop_id":"zenbus:StopPoint:SP:5166538346725376:LOC","stop_code":"BANCVE","stop_name":"BANC VALOIS","parent_station":"zenbus:StopArea:SA:577450014:LOC","wheelchair_boarding":"0"}},{"type":"Feature","geometry":{"type":"Point","coordinates":[1.877958,50.887475]},"properties":{"stop_id":"zenbus:StopPoint:SP:4790896681811968:LOC","stop_code":"COUTUE","stop_name":"COUTURE","parent_station":"zenbus:StopArea:SA:568200009:LOC","wheelchair_boarding":"0"}},{"type":"Feature","geometry":{"type":"Point","coordinates":[1.872524,50.881342]},"properties":{"stop_id":"zenbus:StopPoint:SP:5110361382453248:LOC","stop_code":"USINEE","stop_name":"USINE DES EAUX","parent_station":"zenbus:StopArea:SA:550740023:LOC","wheelchair_boarding":"0"}},{"type":"Feature","geometry":{"type":"Point","coordinates":[1.870754,50.875533]},"properties":{"stop_id":"zenbus:StopPoint:SP:5089583605743616:LOC","stop_code":"PENICE","stop_name":"PENICHE","parent_station":"zenbus:StopArea:SA:583040020:LOC","wheelchair_boarding":"0"}},{"type":"Feature","geometry":{"type":"Point","coordinates":[1.869761,50.871874]},"properties":{"stop_id":"zenbus:StopPoint:SP:5162880376766464:LOC","stop_code":"BATELE","stop_name":"BATELAGE","parent_station":"zenbus:StopArea:SA:590810027:LOC","wheelchair_boarding":"0"}},{"type":"Feature","geometry":{"type":"Point","coordinates":[1.87297,50.870494]},"properties":{"stop_id":"zenbus:StopPoint:SP:5154695309950976:LOC","stop_code":"LAITEE","stop_name":"LAITERIE","parent_station":"zenbus:StopArea:SA:565020020:LOC","wheelchair_boarding":"0"}},{"type":"Feature","geometry":{"type":"Point","coordinates":[1.952442,50.947678]},"properties":{"stop_id":"zenbus:StopPoint:SP:5193796692213760:LOC","stop_code":"LAPOSW","stop_name":"LA POSTE","parent_station":"zenbus:StopArea:SA:587060021:LOC","wheelchair_boarding":"0"}},{"type":"Feature","geometry":{"type":"Point","coordinates":[1.9434,50.947692]},"properties":{"stop_id":"zenbus:StopPoint:SP:5101807418212352:LOC","stop_code":"BOULAW","stop_name":"BOULANGERIE","parent_station":"zenbus:StopArea:SA:723850001:LOC","wheelchair_boarding":"0"}},{"type":"Feature","geometry":{"type":"Point","coordinates":[1.93997,50.951443]},"properties":{"stop_id":"zenbus:StopPoint:SP:4918752844972032:LOC","stop_code":"MVERDW","stop_name":"VERDUN","parent_station":"zenbus:StopArea:SA:779360001:LOC","wheelchair_boarding":"0"}},{"type":"Feature","geometry":{"type":"Point","coordinates":[1.94003,50.94474]},"properties":{"stop_id":"zenbus:StopPoint:SP:5990413751025664:LOC","stop_code":"TRANSE","stop_name":"TRANSMARCK","parent_station":"zenbus:StopArea:SA:6704285332013056:LOC","wheelchair_boarding":"0"}},{"type":"Feature","geometry":{"type":"Point","coordinates":[1.940581,50.952305]},"properties":{"stop_id":"zenbus:StopPoint:SP:5160363962138624:LOC","stop_code":"CURIEE","stop_name":"CURIE","parent_station":"zenbus:StopArea:SA:590800018:LOC","wheelchair_boarding":"0"}},{"type":"Feature","geometry":{"type":"Point","coordinates":[1.946526,50.950404]},"properties":{"stop_id":"zenbus:StopPoint:SP:520720001:LOC","stop_code":"CHARDE","stop_name":"CHARDONNERETS","parent_station":"zenbus:StopArea:SA:554740020:LOC","wheelchair_boarding":"0"}},{"type":"Feature","geometry":{"type":"Point","coordinates":[1.951451,50.949755]},"properties":{"stop_id":"zenbus:StopPoint:SP:5068809301917696:LOC","stop_code":"CORNEE","stop_name":"CORNEILLE","parent_station":"zenbus:StopArea:SA:572130011:LOC","wheelchair_boarding":"0"}},{"type":"Feature","geometry":{"type":"Point","coordinates":[1.956116,50.947364]},"properties":{"stop_id":"zenbus:StopPoint:SP:5127138799779840:LOC","stop_code":"FOYERW","stop_name":"FOYER DE L'AGE D'OR","parent_station":"zenbus:StopArea:SA:572130012:LOC","wheelchair_boarding":"0"}},{"type":"Feature","geometry":{"type":"Point","coordinates":[1.887896,50.924573]},"properties":{"stop_id":"zenbus:StopPoint:SP:680180010:LOC","stop_code":"CMAIRW","stop_name":"MAIRIE DE COULOGNE","parent_station":"zenbus:StopArea:SA:18970055:LOC","wheelchair_boarding":"0"}},{"type":"Feature","geometry":{"type":"Point","coordinates":[1.884856,50.926187]},"properties":{"stop_id":"zenbus:StopPoint:SP:6206492669640704:LOC","stop_code":"STEANE","stop_name":"SAINTE ANNE","parent_station":"zenbus:StopArea:SA:719400004:LOC","wheelchair_boarding":"0"}},{"type":"Feature","geometry":{"type":"Point","coordinates":[1.878891,50.927121]},"properties":{"stop_id":"zenbus:StopPoint:SP:4900855696326656:LOC","stop_code":"FTHORE","stop_name":"FELIX THORON","parent_station":"","wheelchair_boarding":"0"}},{"type":"Feature","geometry":{"type":"Point","coordinates":[1.875879,50.927402]},"properties":{"stop_id":"zenbus:StopPoint:SP:6213014090940416:LOC","stop_code":"POSTEE","stop_name":"POSTE DE COULOGNE","parent_station":"","wheelchair_boarding":"0"}},{"type":"Feature","geometry":{"type":"Point","coordinates":[1.87103,50.927129]},"properties":{"stop_id":"zenbus:StopPoint:SP:5129697895645184:LOC","stop_code":"MARROE","stop_name":"MARRONNIERS","parent_station":"zenbus:StopArea:SA:573750026:LOC","wheelchair_boarding":"0"}},{"type":"Feature","geometry":{"type":"Point","coordinates":[1.847461,50.939956]},"properties":{"stop_id":"zenbus:StopPoint:SP:5078450513641472:LOC","stop_code":"AUGERE","stop_name":"AUGEREAU","parent_station":"zenbus:StopArea:SA:14780048:LOC","wheelchair_boarding":"0"}},{"type":"Feature","geometry":{"type":"Point","coordinates":[1.844463,50.94107]},"properties":{"stop_id":"zenbus:StopPoint:SP:6004411555905536:LOC","stop_code":"JOFFRE","stop_name":"JOFFRE","parent_station":"zenbus:StopArea:SA:573760020:LOC","wheelchair_boarding":"0"}},{"type":"Feature","geometry":{"type":"Point","coordinates":[1.840638,50.942468]},"properties":{"stop_id":"zenbus:StopPoint:SP:6319908193304576:LOC","stop_code":"TOULE","stop_name":"TOUL","parent_station":"zenbus:StopArea:SA:579390018:LOC","wheelchair_boarding":"0"}},{"type":"Feature","geometry":{"type":"Point","coordinates":[1.853381,50.947576]},"properties":{"stop_id":"zenbus:StopPoint:SP:4811840606437376:LOC","stop_code":"THEAAE","stop_name":"THEATRE","parent_station":"zenbus:StopArea:SA:554190002:LOC","wheelchair_boarding":"0"}},{"type":"Feature","geometry":{"type":"Point","coordinates":[1.955517,50.949302]},"properties":{"stop_id":"zenbus:StopPoint:SP:256440002:LOC","stop_code":"MMARCE","stop_name":"MAIRIE DE MARCK","parent_station":"zenbus:StopArea:SA:260500004:LOC","wheelchair_boarding":"0"}},{"type":"Feature","geometry":{"type":"Point","coordinates":[1.849228,50.953876]},"properties":{"stop_id":"zenbus:StopPoint:SP:700710005:LOC","stop_code":"PEMQUG","stop_name":"GARE","parent_station":"zenbus:StopArea:SA:702180002:LOC","wheelchair_boarding":"0"}},{"type":"Feature","geometry":{"type":"Point","coordinates":[1.848343,50.954798]},"properties":{"stop_id":"zenbus:StopPoint:SP:5187766474244096:LOC","stop_code":"RANSOE","stop_name":"RANSON","parent_station":"zenbus:StopArea:SA:222380009:LOC","wheelchair_boarding":"0"}},{"type":"Feature","geometry":{"type":"Point","coordinates":[1.851236,50.954766]},"properties":{"stop_id":"zenbus:StopPoint:SP:224480014:LOC","stop_code":"GEORGE","stop_name":"GEORGE V","parent_station":"zenbus:StopArea:SA:550770020:LOC","wheelchair_boarding":"0"}},{"type":"Feature","geometry":{"type":"Point","coordinates":[1.854289,50.954711]},"properties":{"stop_id":"zenbus:StopPoint:SP:5178267633975296:LOC","stop_code":"DANEME","stop_name":"PLACE DANEMARK","parent_station":"zenbus:StopArea:SA:538300018:LOC","wheelchair_boarding":"0"}},{"type":"Feature","geometry":{"type":"Point","coordinates":[1.857159,50.956088]},"properties":{"stop_id":"zenbus:StopPoint:SP:573760023:LOC","stop_code":"MEUSEE","stop_name":"MEUSE","parent_station":"zenbus:StopArea:SA:34920049:LOC","wheelchair_boarding":"0"}},{"type":"Feature","geometry":{"type":"Point","coordinates":[1.860988,50.95494]},"properties":{"stop_id":"zenbus:StopPoint:SP:6322213785436160:LOC","stop_code":"DESCAE","stop_name":"DESCARTES","parent_station":"zenbus:StopArea:SA:573760017:LOC","wheelchair_boarding":"0"}},{"type":"Feature","geometry":{"type":"Point","coordinates":[1.86425,50.956114]},"properties":{"stop_id":"zenbus:StopPoint:SP:4877474394537984:LOC","stop_code":"QULOIE","stop_name":"QUAI DE LA LOIRE","parent_station":"zenbus:StopArea:SA:5979755982618624:LOC","wheelchair_boarding":"0"}},{"type":"Feature","geometry":{"type":"Point","coordinates":[1.87479,50.958065]},"properties":{"stop_id":"zenbus:StopPoint:SP:5160750005878784:LOC","stop_code":"TRPTGE","stop_name":"RUE DE BITCHE","parent_station":"","wheelchair_boarding":"0"}},{"type":"Feature","geometry":{"type":"Point","coordinates":[1.876262,50.959508]},"properties":{"stop_id":"zenbus:StopPoint:SP:5096472028643328:LOC","stop_code":"RUEDUE","stop_name":"RUE DU NORD","parent_station":"zenbus:StopArea:SA:708710005:LOC","wheelchair_boarding":"0"}},{"type":"Feature","geometry":{"type":"Point","coordinates":[1.878161,50.961548]},"properties":{"stop_id":"zenbus:StopPoint:SP:5120459236442112:LOC","stop_code":"OYATSE","stop_name":"LES OYATS","parent_station":"zenbus:StopArea:SA:588880016:LOC","wheelchair_boarding":"0"}},{"type":"Feature","geometry":{"type":"Point","coordinates":[1.875606,50.938939]},"properties":{"stop_id":"zenbus:StopPoint:SP:4873447399227392:LOC","stop_code":"LDET3E","stop_name":"LYCEE DU DETROIT","parent_station":"zenbus:StopArea:SA:568180029:LOC","wheelchair_boarding":"0"}},{"type":"Feature","geometry":{"type":"Point","coordinates":[1.865957,50.938495]},"properties":{"stop_id":"zenbus:StopPoint:SP:5485499126906880:LOC","stop_code":"CFORME","stop_name":"CENTRE DE FORMATION","parent_station":"zenbus:StopArea:SA:34900042:LOC","wheelchair_boarding":"0"}},{"type":"Feature","geometry":{"type":"Point","coordinates":[1.862375,50.93774]},"properties":{"stop_id":"zenbus:StopPoint:SP:4835926511452160:LOC","stop_code":"GALERE","stop_name":"GALERIE SAINT PIERRE","parent_station":"zenbus:StopArea:SA:727410003:LOC","wheelchair_boarding":"0"}},{"type":"Feature","geometry":{"type":"Point","coordinates":[1.856017,50.937821]},"properties":{"stop_id":"zenbus:StopPoint:SP:5160952188108800:LOC","stop_code":"PLILLE","stop_name":"PORTE DE LILLE","parent_station":"zenbus:StopArea:SA:20860051:LOC","wheelchair_boarding":"0"}},{"type":"Feature","geometry":{"type":"Point","coordinates":[1.860528,50.949541]},"properties":{"stop_id":"zenbus:StopPoint:SP:5118513230381056:LOC","stop_code":"VICW","stop_name":"VIC","parent_station":"","wheelchair_boarding":"0"}},{"type":"Feature","geometry":{"type":"Point","coordinates":[1.858746,50.949479]},"properties":{"stop_id":"zenbus:StopPoint:SP:719260004:LOC","stop_code":"PONTNW","stop_name":"PONT NEUF","parent_station":"","wheelchair_boarding":"0"}},{"type":"Feature","geometry":{"type":"Point","coordinates":[1.858654,50.948453]},"properties":{"stop_id":"zenbus:StopPoint:SP:680610003:LOC","stop_code":"TEMPLW","stop_name":"TEMPLE","parent_station":"","wheelchair_boarding":"0"}},{"type":"Feature","geometry":{"type":"Point","coordinates":[1.858527,50.946849]},"properties":{"stop_id":"zenbus:StopPoint:SP:6192966810992640:LOC","stop_code":"CHANZW","stop_name":"CHANZY","parent_station":"","wheelchair_boarding":"0"}},{"type":"Feature","geometry":{"type":"Point","coordinates":[1.850284,50.955421]},"properties":{"stop_id":"zenbus:StopPoint:SP:6314724905975808:LOC","stop_code":"RICHEW","stop_name":"RICHELIEU","parent_station":"zenbus:StopArea:SA:706710017:LOC","wheelchair_boarding":"0"}},{"type":"Feature","geometry":{"type":"Point","coordinates":[1.849531,50.957089]},"properties":{"stop_id":"zenbus:StopPoint:SP:5150357845966848:LOC","stop_code":"ROYALW","stop_name":"ROYALE","parent_station":"zenbus:StopArea:SA:721760007:LOC","wheelchair_boarding":"0"}},{"type":"Feature","geometry":{"type":"Point","coordinates":[1.848859,50.959673]},"properties":{"stop_id":"zenbus:StopPoint:SP:5103675577991168:LOC","stop_code":"PARMEW","stop_name":"PLACE D'ARMES","parent_station":"zenbus:StopArea:SA:577430016:LOC","wheelchair_boarding":"0"}},{"type":"Feature","geometry":{"type":"Point","coordinates":[1.850957,50.96107]},"properties":{"stop_id":"zenbus:StopPoint:SP:6332495607889920:LOC","stop_code":"CCIBAW","stop_name":"CCI","parent_station":"zenbus:StopArea:SA:727410002:LOC","wheelchair_boarding":"0"}},{"type":"Feature","geometry":{"type":"Point","coordinates":[1.851046,50.96218]},"properties":{"stop_id":"zenbus:StopPoint:SP:5070468853792768:LOC","stop_code":"MATELW","stop_name":"MATELOTE","parent_station":"zenbus:StopArea:SA:721760006:LOC","wheelchair_boarding":"0"}},{"type":"Feature","geometry":{"type":"Point","coordinates":[1.853189,50.962475]},"properties":{"stop_id":"zenbus:StopPoint:SP:5174214862569472:LOC","stop_code":"PLEURW","stop_name":"PLACE DE L'EUROPE","parent_station":"zenbus:StopArea:SA:711080003:LOC","wheelchair_boarding":"0"}},{"type":"Feature","geometry":{"type":"Point","coordinates":[1.861911,50.9648]},"properties":{"stop_id":"zenbus:StopPoint:SP:4828886405742592:LOC","stop_code":"COUSTW","stop_name":"COUSTEAU","parent_station":"zenbus:StopArea:SA:722820002:LOC","wheelchair_boarding":"0"}},{"type":"Feature","geometry":{"type":"Point","coordinates":[1.875698,50.970438]},"properties":{"stop_id":"zenbus:StopPoint:SP:5090995576242176:LOC","stop_code":"ENTREW","stop_name":"ENTREE PORTUAIRE","parent_station":"zenbus:StopArea:SA:5102880740605952:LOC","wheelchair_boarding":"0"}},{"type":"Feature","geometry":{"type":"Point","coordinates":[1.877802,50.973573]},"properties":{"stop_id":"zenbus:StopPoint:SP:6327829119631360:LOC","stop_code":"TTRANW","stop_name":"TERMINAL FERRY","parent_station":"zenbus:StopArea:SA:5095883249025024:LOC","wheelchair_boarding":"0"}},{"type":"Feature","geometry":{"type":"Point","coordinates":[1.869234,50.870184]},"properties":{"stop_id":"zenbus:StopPoint:SP:5098685094428672:LOC","stop_code":"MGUINE","stop_name":"MAIRIE DE GUINES","parent_station":"zenbus:StopArea:SA:840630005:LOC","wheelchair_boarding":"0"}},{"type":"Feature","geometry":{"type":"Point","coordinates":[1.939881,50.951577]},"properties":{"stop_id":"zenbus:StopPoint:SP:564940001:LOC","stop_code":"MVERDE","stop_name":"VERDUN","parent_station":"zenbus:StopArea:SA:779360001:LOC","wheelchair_boarding":"0"}},{"type":"Feature","geometry":{"type":"Point","coordinates":[1.954346,50.947919]},"properties":{"stop_id":"zenbus:StopPoint:SP:6125499599290368:LOC","stop_code":"VICTOE","stop_name":"VICTOR HUGO MARCK","parent_station":"","wheelchair_boarding":"0"}},{"type":"Feature","geometry":{"type":"Point","coordinates":[1.940065,50.944756]},"properties":{"stop_id":"zenbus:StopPoint:SP:5120346557513728:LOC","stop_code":"TRANSW","stop_name":"TRANSMARCK","parent_station":"zenbus:StopArea:SA:6704285332013056:LOC","wheelchair_boarding":"0"}},{"type":"Feature","geometry":{"type":"Point","coordinates":[1.845255,50.957866]},"properties":{"stop_id":"zenbus:StopPoint:SP:5073848724619264:LOC","stop_code":"CITADE","stop_name":"CITADELLE","parent_station":"zenbus:StopArea:SA:573760019:LOC","wheelchair_boarding":"0"}},{"type":"Feature","geometry":{"type":"Point","coordinates":[1.863888,50.95565]},"properties":{"stop_id":"zenbus:StopPoint:SP:6303632616062976:LOC","stop_code":"DIDERE","stop_name":"DIDEROT","parent_station":"zenbus:StopArea:SA:10860008:LOC","wheelchair_boarding":"0"}},{"type":"Feature","geometry":{"type":"Point","coordinates":[1.870736,50.957038]},"properties":{"stop_id":"zenbus:StopPoint:SP:5189586919620608:LOC","stop_code":"BOSSUE","stop_name":"BOSSUET","parent_station":"zenbus:StopArea:SA:706710014:LOC","wheelchair_boarding":"0"}},{"type":"Feature","geometry":{"type":"Point","coordinates":[1.873049,50.957534]},"properties":{"stop_id":"zenbus:StopPoint:SP:6252874222796800:LOC","stop_code":"GRAVEE","stop_name":"PORTE DE GRAVELINES","parent_station":"zenbus:StopArea:SA:564090017:LOC","wheelchair_boarding":"0"}},{"type":"Feature","geometry":{"type":"Point","coordinates":[1.907507,50.950877]},"properties":{"stop_id":"zenbus:StopPoint:SP:5097364341653504:LOC","stop_code":"LEFEBE","stop_name":"LEFEBVRE","parent_station":"zenbus:StopArea:SA:733290003:LOC","wheelchair_boarding":"0"}},{"type":"Feature","geometry":{"type":"Point","coordinates":[1.912711,50.951967]},"properties":{"stop_id":"zenbus:StopPoint:SP:5147806182408192:LOC","stop_code":"HOTELE","stop_name":"HOTEL DES ENTREPRISES","parent_station":"zenbus:StopArea:SA:710290002:LOC","wheelchair_boarding":"0"}},{"type":"Feature","geometry":{"type":"Point","coordinates":[1.923417,50.9538]},"properties":{"stop_id":"zenbus:StopPoint:SP:5116245957410816:LOC","stop_code":"DRYADE","stop_name":"LES DRYADES","parent_station":"zenbus:StopArea:SA:579390014:LOC","wheelchair_boarding":"0"}},{"type":"Feature","geometry":{"type":"Point","coordinates":[1.926283,50.953966]},"properties":{"stop_id":"zenbus:StopPoint:SP:5165769279143936:LOC","stop_code":"GENDAE","stop_name":"GENDARMERIE","parent_station":"zenbus:StopArea:SA:564110017:LOC","wheelchair_boarding":"0"}},{"type":"Feature","geometry":{"type":"Point","coordinates":[1.930874,50.95368]},"properties":{"stop_id":"zenbus:StopPoint:SP:5201609690710016:LOC","stop_code":"ETANGE","stop_name":"ETANG","parent_station":"zenbus:StopArea:SA:579350020:LOC","wheelchair_boarding":"0"}},{"type":"Feature","geometry":{"type":"Point","coordinates":[1.935644,50.95301]},"properties":{"stop_id":"zenbus:StopPoint:SP:5088139792089088:LOC","stop_code":"STADEE","stop_name":"STADE","parent_station":"zenbus:StopArea:SA:579370019:LOC","wheelchair_boarding":"0"}},{"type":"Feature","geometry":{"type":"Point","coordinates":[1.964106,50.947336]},"properties":{"stop_id":"zenbus:StopPoint:SP:5916796588654592:LOC","stop_code":"RDPOIW","stop_name":"ROND POINT D'OYE","parent_station":"zenbus:StopArea:SA:676280003:LOC","wheelchair_boarding":"0"}},{"type":"Feature","geometry":{"type":"Point","coordinates":[1.960834,50.94674]},"properties":{"stop_id":"zenbus:StopPoint:SP:5143121581047808:LOC","stop_code":"POLLAW","stop_name":"PONT POLLAERT","parent_station":"zenbus:StopArea:SA:566190017:LOC","wheelchair_boarding":"0"}},{"type":"Feature","geometry":{"type":"Point","coordinates":[1.931205,50.947389]},"properties":{"stop_id":"zenbus:StopPoint:SP:5130659196567552:LOC","stop_code":"SCHWEW","stop_name":"SCHWEITZER","parent_station":"zenbus:StopArea:SA:579370020:LOC","wheelchair_boarding":"0"}},{"type":"Feature","geometry":{"type":"Point","coordinates":[1.925834,50.947257]},"properties":{"stop_id":"zenbus:StopPoint:SP:5120788220870656:LOC","stop_code":"RIECHW","stop_name":"RIECHERS","parent_station":"zenbus:StopArea:SA:579390015:LOC","wheelchair_boarding":"0"}},{"type":"Feature","geometry":{"type":"Point","coordinates":[1.917682,50.947008]},"properties":{"stop_id":"zenbus:StopPoint:SP:5103195565064192:LOC","stop_code":"KOHLW","stop_name":"KOHL","parent_station":"zenbus:StopArea:SA:585270027:LOC","wheelchair_boarding":"0"}},{"type":"Feature","geometry":{"type":"Point","coordinates":[1.913088,50.946927]},"properties":{"stop_id":"zenbus:StopPoint:SP:5196028934356992:LOC","stop_code":"MECCAW","stop_name":"MECCANO","parent_station":"zenbus:StopArea:SA:585280015:LOC","wheelchair_boarding":"0"}},{"type":"Feature","geometry":{"type":"Point","coordinates":[1.909088,50.946779]},"properties":{"stop_id":"zenbus:StopPoint:SP:5119322898825216:LOC","stop_code":"CHAMPW","stop_name":"CHAMP DE COURSE","parent_station":"zenbus:StopArea:SA:572140022:LOC","wheelchair_boarding":"0"}},{"type":"Feature","geometry":{"type":"Point","coordinates":[1.721148,50.915547]},"properties":{"stop_id":"zenbus:StopPoint:SP:5465122845753344:LOC","stop_code":"HESCAE","stop_name":"HAUTE-ESCALLES","parent_station":"zenbus:StopArea:SA:588870018:LOC","wheelchair_boarding":"0"}},{"type":"Feature","geometry":{"type":"Point","coordinates":[1.713702,50.917617]},"properties":{"stop_id":"zenbus:StopPoint:SP:6305910089580544:LOC","stop_code":"ESCALE","stop_name":"ESCALLES","parent_station":"zenbus:StopArea:SA:538300020:LOC","wheelchair_boarding":"0"}},{"type":"Feature","geometry":{"type":"Point","coordinates":[1.717661,50.923508]},"properties":{"stop_id":"zenbus:StopPoint:SP:5169417753198592:LOC","stop_code":"BLANCE","stop_name":"CAP BLANC NEZ","parent_station":"zenbus:StopArea:SA:542450021:LOC","wheelchair_boarding":"0"}},{"type":"Feature","geometry":{"type":"Point","coordinates":[1.814503,50.956998]},"properties":{"stop_id":"zenbus:StopPoint:SP:5178785966063616:LOC","stop_code":"CHATEE","stop_name":"CHATEAU D'EAU","parent_station":"zenbus:StopArea:SA:706770004:LOC","wheelchair_boarding":"0"}},{"type":"Feature","geometry":{"type":"Point","coordinates":[1.83123,50.959856]},"properties":{"stop_id":"zenbus:StopPoint:SP:6196401157439488:LOC","stop_code":"CAMPCE","stop_name":"CAMPING DE CALAIS","parent_station":"zenbus:StopArea:SA:861670005:LOC","wheelchair_boarding":"0"}},{"type":"Feature","geometry":{"type":"Point","coordinates":[1.833819,50.96157]},"properties":{"stop_id":"zenbus:StopPoint:SP:5157292691423232:LOC","stop_code":"MILI5E","stop_name":"MILIEU DE DIGUE","parent_station":"zenbus:StopArea:SA:572170017:LOC","wheelchair_boarding":"0"}},{"type":"Feature","geometry":{"type":"Point","coordinates":[1.845271,50.960142]},"properties":{"stop_id":"zenbus:StopPoint:SP:6285479802568704:LOC","stop_code":"RESISE","stop_name":"RESISTANCE","parent_station":"zenbus:StopArea:SA:731170004:LOC","wheelchair_boarding":"0"}},{"type":"Feature","geometry":{"type":"Point","coordinates":[1.865289,50.946031]},"properties":{"stop_id":"zenbus:StopPoint:SP:5142547397607424:LOC","stop_code":"NATI4E","stop_name":"NATION","parent_station":"zenbus:StopArea:SA:731100005:LOC","wheelchair_boarding":"0"}},{"type":"Feature","geometry":{"type":"Point","coordinates":[1.863548,50.947747]},"properties":{"stop_id":"zenbus:StopPoint:SP:6321325203259392:LOC","stop_code":"YSERE","stop_name":"YSER","parent_station":"zenbus:StopArea:SA:590820017:LOC","wheelchair_boarding":"0"}},{"type":"Feature","geometry":{"type":"Point","coordinates":[1.883705,50.940465]},"properties":{"stop_id":"zenbus:StopPoint:SP:5168119146348544:LOC","stop_code":"MICHEE","stop_name":"MICHELET","parent_station":"zenbus:StopArea:SA:538300021:LOC","wheelchair_boarding":"0"}},{"type":"Feature","geometry":{"type":"Point","coordinates":[1.887367,50.943453]},"properties":{"stop_id":"zenbus:StopPoint:SP:5197676255641600:LOC","stop_code":"CASTRE","stop_name":"CHEMIN CASTRES","parent_station":"zenbus:StopArea:SA:281190010:LOC","wheelchair_boarding":"0"}},{"type":"Feature","geometry":{"type":"Point","coordinates":[1.889982,50.943924]},"properties":{"stop_id":"zenbus:StopPoint:SP:718830004:LOC","stop_code":"VALLEE","stop_name":"VALLES","parent_station":"zenbus:StopArea:SA:720880001:LOC","wheelchair_boarding":"0"}},{"type":"Feature","geometry":{"type":"Point","coordinates":[1.887076,50.935863]},"properties":{"stop_id":"zenbus:StopPoint:SP:5111582763778048:LOC","stop_code":"VIRVAW","stop_name":"VIRVAL","parent_station":"zenbus:StopArea:SA:729210004:LOC","wheelchair_boarding":"0"}},{"type":"Feature","geometry":{"type":"Point","coordinates":[1.86579,50.925753]},"properties":{"stop_id":"zenbus:StopPoint:SP:4806428407627776:LOC","stop_code":"VERDUE","stop_name":"VERDUN","parent_station":"","wheelchair_boarding":"0"}},{"type":"Feature","geometry":{"type":"Point","coordinates":[1.858741,50.924929]},"properties":{"stop_id":"zenbus:StopPoint:SP:5076043385798656:LOC","stop_code":"3PLANE","stop_name":"PONT A 3 PLANCHES","parent_station":"zenbus:StopArea:SA:554740023:LOC","wheelchair_boarding":"0"}},{"type":"Feature","geometry":{"type":"Point","coordinates":[1.855546,50.925853]},"properties":{"stop_id":"zenbus:StopPoint:SP:4880094897111040:LOC","stop_code":"MANNEE","stop_name":"MAIRIE ANNEXE","parent_station":"zenbus:StopArea:SA:10860010:LOC","wheelchair_boarding":"0"}},{"type":"Feature","geometry":{"type":"Point","coordinates":[1.845382,50.957873]},"properties":{"stop_id":"zenbus:StopPoint:SP:6286614143696896:LOC","stop_code":"CITADW","stop_name":"CITADELLE","parent_station":"zenbus:StopArea:SA:573760019:LOC","wheelchair_boarding":"0"}},{"type":"Feature","geometry":{"type":"Point","coordinates":[1.846702,50.96028]},"properties":{"stop_id":"zenbus:StopPoint:SP:6329924057038848:LOC","stop_code":"RESISW","stop_name":"RESISTANCE","parent_station":"zenbus:StopArea:SA:731170004:LOC","wheelchair_boarding":"0"}},{"type":"Feature","geometry":{"type":"Point","coordinates":[1.847904,50.961054]},"properties":{"stop_id":"zenbus:StopPoint:SP:5140356567924736:LOC","stop_code":"GAVETW","stop_name":"GAVET","parent_station":"zenbus:StopArea:SA:564120022:LOC","wheelchair_boarding":"0"}},{"type":"Feature","geometry":{"type":"Point","coordinates":[1.841023,50.964963]},"properties":{"stop_id":"zenbus:StopPoint:SP:5271278092025856:LOC","stop_code":"PLAGEW","stop_name":"PLAGE","parent_station":"","wheelchair_boarding":"0"}},{"type":"Feature","geometry":{"type":"Point","coordinates":[1.835728,50.962834]},"properties":{"stop_id":"zenbus:StopPoint:SP:4866670536425472:LOC","stop_code":"DGBERW","stop_name":"DIGUE GASTON BERTHE","parent_station":"","wheelchair_boarding":"0"}},{"type":"Feature","geometry":{"type":"Point","coordinates":[1.831597,50.960008]},"properties":{"stop_id":"zenbus:StopPoint:SP:6243263361056768:LOC","stop_code":"CAMPCW","stop_name":"CAMPING DE CALAIS","parent_station":"zenbus:StopArea:SA:861670005:LOC","wheelchair_boarding":"0"}},{"type":"Feature","geometry":{"type":"Point","coordinates":[1.824936,50.958448]},"properties":{"stop_id":"zenbus:StopPoint:SP:5156352259260416:LOC","stop_code":"EGBLEW","stop_name":"EGLISE DE BLERIOT","parent_station":"zenbus:StopArea:SA:727400004:LOC","wheelchair_boarding":"0"}},{"type":"Feature","geometry":{"type":"Point","coordinates":[1.822571,50.957972]},"properties":{"stop_id":"zenbus:StopPoint:SP:6238555993014272:LOC","stop_code":"PHARMW","stop_name":"PHARMACIE","parent_station":"zenbus:StopArea:SA:573750024:LOC","wheelchair_boarding":"0"}},{"type":"Feature","geometry":{"type":"Point","coordinates":[1.817832,50.957281]},"properties":{"stop_id":"zenbus:StopPoint:SP:5087903384338432:LOC","stop_code":"MONUMW","stop_name":"MONUMENT","parent_station":"zenbus:StopArea:SA:566180019:LOC","wheelchair_boarding":"0"}},{"type":"Feature","geometry":{"type":"Point","coordinates":[1.815417,50.957088]},"properties":{"stop_id":"zenbus:StopPoint:SP:5148741845647360:LOC","stop_code":"CHATEW","stop_name":"CHATEAU D'EAU","parent_station":"zenbus:StopArea:SA:706770004:LOC","wheelchair_boarding":"0"}},{"type":"Feature","geometry":{"type":"Point","coordinates":[1.811019,50.956798]},"properties":{"stop_id":"zenbus:StopPoint:SP:4887799331291136:LOC","stop_code":"CAMPIW","stop_name":"CAMPING","parent_station":"zenbus:StopArea:SA:721820001:LOC","wheelchair_boarding":"0"}},{"type":"Feature","geometry":{"type":"Point","coordinates":[1.799062,50.955576]},"properties":{"stop_id":"zenbus:StopPoint:SP:5080021569896448:LOC","stop_code":"BASE5W","stop_name":"BASE DE VOILE","parent_station":"zenbus:StopArea:SA:554750018:LOC","wheelchair_boarding":"0"}},{"type":"Feature","geometry":{"type":"Point","coordinates":[1.791006,50.954386]},"properties":{"stop_id":"zenbus:StopPoint:SP:6276377894453248:LOC","stop_code":"SALINW","stop_name":"LES SALINES","parent_station":"zenbus:StopArea:SA:568190018:LOC","wheelchair_boarding":"0"}},{"type":"Feature","geometry":{"type":"Point","coordinates":[1.775036,50.952096]},"properties":{"stop_id":"zenbus:StopPoint:SP:6215483512586240:LOC","stop_code":"DOSDAW","stop_name":"DOS D'ANE","parent_station":"zenbus:StopArea:SA:572140024:LOC","wheelchair_boarding":"0"}},{"type":"Feature","geometry":{"type":"Point","coordinates":[1.766048,50.949652]},"properties":{"stop_id":"zenbus:StopPoint:SP:5353846635233280:LOC","stop_code":"STADSW","stop_name":"STADE DE SANGATTE","parent_station":"zenbus:StopArea:SA:5160714236854272:LOC","wheelchair_boarding":"0"}},{"type":"Feature","geometry":{"type":"Point","coordinates":[1.762334,50.948759]},"properties":{"stop_id":"zenbus:StopPoint:SP:5087114184097792:LOC","stop_code":"RELAIW","stop_name":"LE RELAIS","parent_station":"zenbus:StopArea:SA:588890006:LOC","wheelchair_boarding":"0"}},{"type":"Feature","geometry":{"type":"Point","coordinates":[1.759168,50.947734]},"properties":{"stop_id":"zenbus:StopPoint:SP:5098653301604352:LOC","stop_code":"MAIRIW","stop_name":"MAIRIE SANGATTE","parent_station":"zenbus:StopArea:SA:577450013:LOC","wheelchair_boarding":"0"}},{"type":"Feature","geometry":{"type":"Point","coordinates":[1.754487,50.946253]},"properties":{"stop_id":"zenbus:StopPoint:SP:6245759945015296:LOC","stop_code":"MAISOW","stop_name":"MAISON PETITE ENFANCE","parent_station":"zenbus:StopArea:SA:729180005:LOC","wheelchair_boarding":"0"}},{"type":"Feature","geometry":{"type":"Point","coordinates":[1.746289,50.944127]},"properties":{"stop_id":"zenbus:StopPoint:SP:6289922140930048:LOC","stop_code":"EGLISW","stop_name":"EGLISE","parent_station":"zenbus:StopArea:SA:566190019:LOC","wheelchair_boarding":"0"}},{"type":"Feature","geometry":{"type":"Point","coordinates":[1.742555,50.942587]},"properties":{"stop_id":"zenbus:StopPoint:SP:4809202369298432:LOC","stop_code":"DESCEW","stop_name":"DESCENDERIE","parent_station":"zenbus:StopArea:SA:735210003:LOC","wheelchair_boarding":"0"}},{"type":"Feature","geometry":{"type":"Point","coordinates":[1.717661,50.923508]},"properties":{"stop_id":"zenbus:StopPoint:SP:6311071029657600:LOC","stop_code":"BLANCW","stop_name":"CAP BLANC NEZ","parent_station":"zenbus:StopArea:SA:542450021:LOC","wheelchair_boarding":"0"}},{"type":"Feature","geometry":{"type":"Point","coordinates":[1.713531,50.917598]},"properties":{"stop_id":"zenbus:StopPoint:SP:6195441987223552:LOC","stop_code":"ESCALW","stop_name":"ESCALLES","parent_station":"zenbus:StopArea:SA:538300020:LOC","wheelchair_boarding":"0"}},{"type":"Feature","geometry":{"type":"Point","coordinates":[1.721093,50.915507]},"properties":{"stop_id":"zenbus:StopPoint:SP:5995385497583616:LOC","stop_code":"HESCAW","stop_name":"HAUTE-ESCALLES","parent_station":"zenbus:StopArea:SA:588870018:LOC","wheelchair_boarding":"0"}},{"type":"Feature","geometry":{"type":"Point","coordinates":[1.898032,50.967574]},"properties":{"stop_id":"zenbus:StopPoint:SP:5479280808034304:LOC","stop_code":"GRAFTE","stop_name":"GRAFTECH","parent_station":"zenbus:StopArea:SA:4817772495241216:LOC","wheelchair_boarding":"0"}},{"type":"Feature","geometry":{"type":"Point","coordinates":[1.86257,50.962331]},"properties":{"stop_id":"zenbus:StopPoint:SP:5995852362416128:LOC","stop_code":"ASNE","stop_name":"ASN","parent_station":"zenbus:StopArea:SA:4702920103690240:LOC","wheelchair_boarding":"0"}},{"type":"Feature","geometry":{"type":"Point","coordinates":[1.889849,50.939618]},"properties":{"stop_id":"zenbus:StopPoint:SP:4837867252613120:LOC","stop_code":"HOP12E","stop_name":"HOPITAL","parent_station":"zenbus:StopArea:SA:4910438266437632:LOC","wheelchair_boarding":"0"}},{"type":"Feature","geometry":{"type":"Point","coordinates":[1.807657,50.924662]},"properties":{"stop_id":"zenbus:StopPoint:SP:5151176842543104:LOC","stop_code":"PS1W","stop_name":"EUROTUNNEL PS1","parent_station":"zenbus:StopArea:SA:566920021:LOC","wheelchair_boarding":"0"}},{"type":"Feature","geometry":{"type":"Point","coordinates":[1.810486,50.901269]},"properties":{"stop_id":"zenbus:StopPoint:SP:6250008003215360:LOC","stop_code":"TGVW","stop_name":"GARE TGV","parent_station":"zenbus:StopArea:SA:534700001:LOC","wheelchair_boarding":"0"}},{"type":"Feature","geometry":{"type":"Point","coordinates":[1.852298,50.947459]},"properties":{"stop_id":"zenbus:StopPoint:SP:4887449177161728:LOC","stop_code":"THEABW","stop_name":"THEATRE","parent_station":"zenbus:StopArea:SA:554190002:LOC","wheelchair_boarding":"0"}},{"type":"Feature","geometry":{"type":"Point","coordinates":[1.877104,50.940656]},"properties":{"stop_id":"zenbus:StopPoint:SP:5078530715025408:LOC","stop_code":"DETROW","stop_name":"DETROIT","parent_station":"zenbus:StopArea:SA:717850003:LOC","wheelchair_boarding":"0"}},{"type":"Feature","geometry":{"type":"Point","coordinates":[1.875238,50.941536]},"properties":{"stop_id":"zenbus:StopPoint:SP:6224373558018048:LOC","stop_code":"STBENW","stop_name":"SAINT BENOIT","parent_station":"zenbus:StopArea:SA:706770007:LOC","wheelchair_boarding":"0"}},{"type":"Feature","geometry":{"type":"Point","coordinates":[1.871683,50.940867]},"properties":{"stop_id":"zenbus:StopPoint:SP:5120426174840832:LOC","stop_code":"OVIDEW","stop_name":"OVIDE","parent_station":"zenbus:StopArea:SA:561440003:LOC","wheelchair_boarding":"0"}},{"type":"Feature","geometry":{"type":"Point","coordinates":[1.865252,50.939367]},"properties":{"stop_id":"zenbus:StopPoint:SP:6211960834097152:LOC","stop_code":"COPERW","stop_name":"COPERNIC","parent_station":"zenbus:StopArea:SA:550750019:LOC","wheelchair_boarding":"0"}},{"type":"Feature","geometry":{"type":"Point","coordinates":[1.861804,50.939615]},"properties":{"stop_id":"zenbus:StopPoint:SP:4915866741243904:LOC","stop_code":"PRAIRW","stop_name":"PRAIRIES","parent_station":"zenbus:StopArea:SA:563420014:LOC","wheelchair_boarding":"0"}},{"type":"Feature","geometry":{"type":"Point","coordinates":[1.968362,50.893541]},"properties":{"stop_id":"zenbus:StopPoint:SP:4910553799589888:LOC","stop_code":"HALAGW","stop_name":"CONTRE HALAGE","parent_station":"zenbus:StopArea:SA:794460020:LOC","wheelchair_boarding":"0"}},{"type":"Feature","geometry":{"type":"Point","coordinates":[1.969334,50.894833]},"properties":{"stop_id":"zenbus:StopPoint:SP:5080416870465536:LOC","stop_code":"PARDRW","stop_name":"PONT D'ARDRES","parent_station":"zenbus:StopArea:SA:563020021:LOC","wheelchair_boarding":"0"}},{"type":"Feature","geometry":{"type":"Point","coordinates":[1.933752,50.908524]},"properties":{"stop_id":"zenbus:StopPoint:SP:6309547775885312:LOC","stop_code":"ATTAQW","stop_name":"MAIRIE LES ATTAQUES","parent_station":"zenbus:StopArea:SA:12770058:LOC","wheelchair_boarding":"0"}},{"type":"Feature","geometry":{"type":"Point","coordinates":[1.907965,50.921932]},"properties":{"stop_id":"zenbus:StopPoint:SP:6285886532616192:LOC","stop_code":"3COMMW","stop_name":"3 COMMUNES","parent_station":"zenbus:StopArea:SA:566920018:LOC","wheelchair_boarding":"0"}},{"type":"Feature","geometry":{"type":"Point","coordinates":[1.888382,50.919963]},"properties":{"stop_id":"zenbus:StopPoint:SP:5140988995567616:LOC","stop_code":"CLIPEW","stop_name":"CLIPET","parent_station":"zenbus:StopArea:SA:572160026:LOC","wheelchair_boarding":"0"}},{"type":"Feature","geometry":{"type":"Point","coordinates":[1.888089,50.92279]},"properties":{"stop_id":"zenbus:StopPoint:SP:700700007:LOC","stop_code":"CMOZAW","stop_name":"MOZART","parent_station":"zenbus:StopArea:SA:723760004:LOC","wheelchair_boarding":"0"}},{"type":"Feature","geometry":{"type":"Point","coordinates":[1.885604,50.936577]},"properties":{"stop_id":"zenbus:StopPoint:SP:6243301395005440:LOC","stop_code":"VIRV8W","stop_name":"VIRVAL","parent_station":"zenbus:StopArea:SA:729210004:LOC","wheelchair_boarding":"0"}},{"type":"Feature","geometry":{"type":"Point","coordinates":[1.87124,50.943453]},"properties":{"stop_id":"zenbus:StopPoint:SP:5119860038172672:LOC","stop_code":"VHUGOW","stop_name":"VICTOR HUGO","parent_station":"zenbus:StopArea:SA:10840042:LOC","wheelchair_boarding":"0"}},{"type":"Feature","geometry":{"type":"Point","coordinates":[1.830376,50.950819]},"properties":{"stop_id":"zenbus:StopPoint:SP:5142153120448512:LOC","stop_code":"CENTRW","stop_name":"CENTRE BUS","parent_station":"zenbus:StopArea:SA:720820004:LOC","wheelchair_boarding":"0"}},{"type":"Feature","geometry":{"type":"Point","coordinates":[1.834539,50.949117]},"properties":{"stop_id":"zenbus:StopPoint:SP:5129907516473344:LOC","stop_code":"AGADIW","stop_name":"AGADIR","parent_station":"zenbus:StopArea:SA:698250001:LOC","wheelchair_boarding":"0"}},{"type":"Feature","geometry":{"type":"Point","coordinates":[1.833051,50.947719]},"properties":{"stop_id":"zenbus:StopPoint:SP:564100033:LOC","stop_code":"VAUB8W","stop_name":"VAUBAN","parent_station":"zenbus:StopArea:SA:550750020:LOC","wheelchair_boarding":"0"}},{"type":"Feature","geometry":{"type":"Point","coordinates":[1.832978,50.945811]},"properties":{"stop_id":"zenbus:StopPoint:SP:5121186428092416:LOC","stop_code":"RABATW","stop_name":"RABAT","parent_station":"zenbus:StopArea:SA:587060023:LOC","wheelchair_boarding":"0"}},{"type":"Feature","geometry":{"type":"Point","coordinates":[1.831409,50.944166]},"properties":{"stop_id":"zenbus:StopPoint:SP:5177825520779264:LOC","stop_code":"TUNISW","stop_name":"TUNIS","parent_station":"zenbus:StopArea:SA:22750049:LOC","wheelchair_boarding":"0"}},{"type":"Feature","geometry":{"type":"Point","coordinates":[1.831609,50.942683]},"properties":{"stop_id":"zenbus:StopPoint:SP:6323390187044864:LOC","stop_code":"ZCHEMW","stop_name":"ZAC DU CHEMIN VERT","parent_station":"zenbus:StopArea:SA:710290004:LOC","wheelchair_boarding":"0"}},{"type":"Feature","geometry":{"type":"Point","coordinates":[1.842006,50.939516]},"properties":{"stop_id":"zenbus:StopPoint:SP:6209789929455616:LOC","stop_code":"ZCAILW","stop_name":"ZAC DES CAILLOUX","parent_station":"zenbus:StopArea:SA:18960056:LOC","wheelchair_boarding":"0"}},{"type":"Feature","geometry":{"type":"Point","coordinates":[1.849877,50.953952]},"properties":{"stop_id":"zenbus:StopPoint:SP:676330001:LOC","stop_code":"PEMQUC","stop_name":"GARE","parent_station":"zenbus:StopArea:SA:702180002:LOC","wheelchair_boarding":"0"}},{"type":"Feature","geometry":{"type":"Point","coordinates":[1.855539,50.957284]},"properties":{"stop_id":"zenbus:StopPoint:SP:5114412440485888:LOC","stop_code":"LORRAW","stop_name":"PLACE LORRAINE","parent_station":"zenbus:StopArea:SA:573760018:LOC","wheelchair_boarding":"0"}},{"type":"Feature","geometry":{"type":"Point","coordinates":[1.856146,50.961104]},"properties":{"stop_id":"zenbus:StopPoint:SP:5161390358659072:LOC","stop_code":"SUEDEW","stop_name":"PLACE DE SUEDE","parent_station":"zenbus:StopArea:SA:538300019:LOC","wheelchair_boarding":"0"}},{"type":"Feature","geometry":{"type":"Point","coordinates":[1.852613,50.961257]},"properties":{"stop_id":"zenbus:StopPoint:SP:5087921057038336:LOC","stop_code":"PHAREW","stop_name":"PHARE","parent_station":"zenbus:StopArea:SA:585280016:LOC","wheelchair_boarding":"0"}},{"type":"Feature","geometry":{"type":"Point","coordinates":[1.850722,50.960924]},"properties":{"stop_id":"zenbus:StopPoint:SP:6270095296823296:LOC","stop_code":"CCIW","stop_name":"CCI","parent_station":"zenbus:StopArea:SA:727410002:LOC","wheelchair_boarding":"0"}},{"type":"Feature","geometry":{"type":"Point","coordinates":[1.816131,50.954835]},"properties":{"stop_id":"zenbus:StopPoint:SP:4849184219856896:LOC","stop_code":"BERLIW","stop_name":"BERLIOZ","parent_station":"zenbus:StopArea:SA:575990015:LOC","wheelchair_boarding":"0"}},{"type":"Feature","geometry":{"type":"Point","coordinates":[1.815998,50.95306]},"properties":{"stop_id":"zenbus:StopPoint:SP:5165275632631808:LOC","stop_code":"MOZARW","stop_name":"MOZART","parent_station":"zenbus:StopArea:SA:735210004:LOC","wheelchair_boarding":"0"}},{"type":"Feature","geometry":{"type":"Point","coordinates":[1.813719,50.95498]},"properties":{"stop_id":"zenbus:StopPoint:SP:5189476290658304:LOC","stop_code":"LANGLW","stop_name":"LANGLET","parent_station":"zenbus:StopArea:SA:554740022:LOC","wheelchair_boarding":"0"}},{"type":"Feature","geometry":{"type":"Point","coordinates":[1.86121,50.941355]},"properties":{"stop_id":"zenbus:StopPoint:SP:5196716733104128:LOC","stop_code":"ARCHIW","stop_name":"ARCHIMEDE","parent_station":"","wheelchair_boarding":"0"}},{"type":"Feature","geometry":{"type":"Point","coordinates":[1.860941,50.943058]},"properties":{"stop_id":"zenbus:StopPoint:SP:5111384155095040:LOC","stop_code":"POILUW","stop_name":"POILUS","parent_station":"","wheelchair_boarding":"0"}},{"type":"Feature","geometry":{"type":"Point","coordinates":[1.860532,50.945297]},"properties":{"stop_id":"zenbus:StopPoint:SP:5944305384423424:LOC","stop_code":"MARCHW","stop_name":"PLACE DU MARCHE","parent_station":"","wheelchair_boarding":"0"}},{"type":"Feature","geometry":{"type":"Point","coordinates":[1.917502,50.954592]},"properties":{"stop_id":"zenbus:StopPoint:SP:6305711480897536:LOC","stop_code":"ATCHAE","stop_name":"ATELIERS DU CHANNEL","parent_station":"zenbus:StopArea:SA:568200006:LOC","wheelchair_boarding":"0"}},{"type":"Feature","geometry":{"type":"Point","coordinates":[1.901443,50.95411]},"properties":{"stop_id":"zenbus:StopPoint:SP:4885351219855360:LOC","stop_code":"NNIEME","stop_name":"LYCEE NORMANDIE NIEMEN","parent_station":"zenbus:StopArea:SA:710290003:LOC","wheelchair_boarding":"0"}},{"type":"Feature","geometry":{"type":"Point","coordinates":[1.910872,50.954264]},"properties":{"stop_id":"zenbus:StopPoint:SP:5179811574054912:LOC","stop_code":"MDOREE","stop_name":"MARCEL DORET","parent_station":"zenbus:StopArea:SA:550770019:LOC","wheelchair_boarding":"0"}},{"type":"Feature","geometry":{"type":"Point","coordinates":[1.955438,50.957584]},"properties":{"stop_id":"zenbus:StopPoint:SP:6305334144532480:LOC","stop_code":"AERODE","stop_name":"MARCK AERODROME","parent_station":"zenbus:StopArea:SA:573750021:LOC","wheelchair_boarding":"0"}},{"type":"Feature","geometry":{"type":"Point","coordinates":[1.901423,50.954205]},"properties":{"stop_id":"zenbus:StopPoint:SP:570830023:LOC","stop_code":"NNIEMW","stop_name":"LYCEE NORMANDIE NIEMEN","parent_station":"zenbus:StopArea:SA:710290003:LOC","wheelchair_boarding":"0"}},{"type":"Feature","geometry":{"type":"Point","coordinates":[1.89265,50.954616]},"properties":{"stop_id":"zenbus:StopPoint:SP:4822515043008512:LOC","stop_code":"LVINCW","stop_name":"LYCEE LEONARD DE VINCI","parent_station":"zenbus:StopArea:SA:4906857865936896:LOC","wheelchair_boarding":"0"}},{"type":"Feature","geometry":{"type":"Point","coordinates":[1.87071,50.957134]},"properties":{"stop_id":"zenbus:StopPoint:SP:5202298982629376:LOC","stop_code":"BOSSUW","stop_name":"BOSSUET","parent_station":"zenbus:StopArea:SA:706710014:LOC","wheelchair_boarding":"0"}},{"type":"Feature","geometry":{"type":"Point","coordinates":[1.864438,50.955843]},"properties":{"stop_id":"zenbus:StopPoint:SP:5122471982268416:LOC","stop_code":"DIDERW","stop_name":"DIDEROT","parent_station":"zenbus:StopArea:SA:10860008:LOC","wheelchair_boarding":"0"}},{"type":"Feature","geometry":{"type":"Point","coordinates":[1.904851,50.944664]},"properties":{"stop_id":"zenbus:StopPoint:SP:6369266350686208:LOC","stop_code":"FSAGAE","stop_name":"FRANCOISE SAGAN","parent_station":"zenbus:StopArea:SA:6423450752122880:LOC","wheelchair_boarding":"0"}},{"type":"Feature","geometry":{"type":"Point","coordinates":[1.979026,50.979161]},"properties":{"stop_id":"zenbus:StopPoint:SP:5165001956392960:LOC","stop_code":"WALDAW","stop_name":"WALDAM","parent_station":"","wheelchair_boarding":"0"}},{"type":"Feature","geometry":{"type":"Point","coordinates":[1.89265,50.954613]},"properties":{"stop_id":"zenbus:StopPoint:SP:4799998207197184:LOC","stop_code":"LVINCE","stop_name":"LYCEE LEONARD DE VINCI","parent_station":"zenbus:StopArea:SA:4906857865936896:LOC","wheelchair_boarding":"0"}},{"type":"Feature","geometry":{"type":"Point","coordinates":[1.905195,50.944749]},"properties":{"stop_id":"zenbus:StopPoint:SP:4652433134321664:LOC","stop_code":"FSAGAW","stop_name":"FRANCOISE SAGAN","parent_station":"zenbus:StopArea:SA:6423450752122880:LOC","wheelchair_boarding":"0"}},{"type":"Feature","geometry":{"type":"Point","coordinates":[1.882999,50.951372]},"properties":{"stop_id":"zenbus:StopPoint:SP:5445525617770496:LOC","stop_code":"IUTE","stop_name":"IUT","parent_station":"zenbus:StopArea:SA:568180030:LOC","wheelchair_boarding":"0"}},{"type":"Feature","geometry":{"type":"Point","coordinates":[1.885699,50.951045]},"properties":{"stop_id":"zenbus:StopPoint:SP:5361364285521920:LOC","stop_code":"LENGLE","stop_name":"LENGLET","parent_station":"","wheelchair_boarding":"0"}},{"type":"Feature","geometry":{"type":"Point","coordinates":[1.888519,50.950341]},"properties":{"stop_id":"zenbus:StopPoint:SP:4924921894404096:LOC","stop_code":"MARINE","stop_name":"MARINOT","parent_station":"","wheelchair_boarding":"0"}},{"type":"Feature","geometry":{"type":"Point","coordinates":[1.890862,50.949163]},"properties":{"stop_id":"zenbus:StopPoint:SP:4878862128250880:LOC","stop_code":"GREUZE","stop_name":"GREUZE","parent_station":"zenbus:StopArea:SA:717900002:LOC","wheelchair_boarding":"0"}},{"type":"Feature","geometry":{"type":"Point","coordinates":[1.713064,50.916737]},"properties":{"stop_id":"zenbus:StopPoint:SP:4924058354319360:LOC","stop_code":"ESCMAW","stop_name":"MAIRIE ESCALLES","parent_station":"","wheelchair_boarding":"0"}},{"type":"Feature","geometry":{"type":"Point","coordinates":[1.716537,50.909604]},"properties":{"stop_id":"zenbus:StopPoint:SP:4921736488288256:LOC","stop_code":"TAPCUW","stop_name":"LE TAP CUL","parent_station":"","wheelchair_boarding":"0"}},{"type":"Feature","geometry":{"type":"Point","coordinates":[1.917501,50.954595]},"properties":{"stop_id":"zenbus:StopPoint:SP:6290164403929088:LOC","stop_code":"ATCHAW","stop_name":"ATELIERS DU CHANNEL","parent_station":"zenbus:StopArea:SA:568200006:LOC","wheelchair_boarding":"0"}},{"type":"Feature","geometry":{"type":"Point","coordinates":[1.810483,50.901268]},"properties":{"stop_id":"zenbus:StopPoint:SP:5205102925185024:LOC","stop_code":"TGVE","stop_name":"GARE TGV","parent_station":"zenbus:StopArea:SA:534700001:LOC","wheelchair_boarding":"0"}},{"type":"Feature","geometry":{"type":"Point","coordinates":[1.807662,50.924662]},"properties":{"stop_id":"zenbus:StopPoint:SP:6301651965050880:LOC","stop_code":"PS1E","stop_name":"EUROTUNNEL PS1","parent_station":"zenbus:StopArea:SA:566920021:LOC","wheelchair_boarding":"0"}},{"type":"Feature","geometry":{"type":"Point","coordinates":[1.889837,50.939611]},"properties":{"stop_id":"zenbus:StopPoint:SP:6573150432133120:LOC","stop_code":"HOP12W","stop_name":"HOPITAL","parent_station":"zenbus:StopArea:SA:4910438266437632:LOC","wheelchair_boarding":"0"}},{"type":"Feature","geometry":{"type":"Point","coordinates":[1.86274,50.962338]},"properties":{"stop_id":"zenbus:StopPoint:SP:4796516970528768:LOC","stop_code":"ASNW","stop_name":"ASN","parent_station":"zenbus:StopArea:SA:4702920103690240:LOC","wheelchair_boarding":"0"}},{"type":"Feature","geometry":{"type":"Point","coordinates":[1.897902,50.967386]},"properties":{"stop_id":"zenbus:StopPoint:SP:5815948396199936:LOC","stop_code":"GRAFTW","stop_name":"GRAFTECH","parent_station":"zenbus:StopArea:SA:4817772495241216:LOC","wheelchair_boarding":"0"}}]}